{"omPartsList":{"power":{"omPropertiesList":{"power":{"id":501,"propertyName":"power","propertyComments":"设备状态关机/待机/开机","valueType":1,"propertyType":2,"maxValue":2,"minValue":0}},"id":101,"name":"C2.i烤箱_关机待机开机"},"status":{"omPropertiesList":{"work_status":{"id":502,"propertyName":"work_status","propertyComments":"设备当前工作状态","valueType":1,"propertyType":2,"maxValue":255,"minValue":0}},"id":102,"name":"C2.i烤箱_当前工作状态"},"light":{"omPropertiesList":{"light_status":{"id":503,"propertyName":"light_status","propertyComments":"烤箱照明灯状态","valueType":1,"propertyType":2,"maxValue":1,"minValue":0}},"id":103,"name":"C2.i烤箱_照明灯"},"mode":{"omPropertiesList":{"operating_mode":{"id":504,"propertyName":"operating_mode","propertyComments":"工作模式","valueType":1,"propertyType":2,"maxValue":255,"minValue":0},"manual_mode":{"id":505,"propertyName":"manual_mode","propertyComments":"手动模式","valueType":1,"propertyType":2,"maxValue":255,"minValue":0}},"id":104,"name":"C2.i烤箱_工作模式"},"recipes_id":{"omPropertiesList":{"recipe_id":{"id":506,"propertyName":"recipe_id","propertyComments":"当前正在播放或录制的云端菜谱ID,如没有全为0 ","valueType":2,"propertyType":2}},"id":105,"name":"C2.i烤箱_当前菜谱ID"},"timer":{"omPropertiesList":{"total_time_hour":{"id":507,"propertyName":"total_time_hour","propertyComments":"设定的工作总时间-时","valueType":1,"propertyType":2,"maxValue":24,"minValue":0}},"id":106,"name":"C2.i烤箱_设定的工作总时间（时）"},"appoint":{"omPropertiesList":{"total_time_minute":{"id":508,"propertyName":"total_time_minute","propertyComments":"设定的工作总时间-分","valueType":1,"propertyType":2,"maxValue":60,"minValue":0}},"id":107,"name":"C2.i烤箱_设定的工作总时间（分）"},"temputer_up":{"omPropertiesList":{"total_time_second":{"id":509,"propertyName":"total_time_second","propertyComments":"设定的工作总时间-秒","valueType":1,"propertyType":2,"maxValue":60,"minValue":0}},"id":108,"name":"C2.i烤箱_设定的工作总时间（秒）"},"temputer_down":{"omPropertiesList":{"appointment_begin_day":{"id":510,"propertyName":"appointment_begin_day","propertyComments":"预约开始时间-日","valueType":1,"propertyType":2,"maxValue":31,"minValue":1}},"id":109,"name":"C2.i烤箱_预约开始时间（日）"},"temputer1":{"omPropertiesList":{"appointment_begin_hour":{"id":511,"propertyName":"appointment_begin_hour","propertyComments":"预约开始时间-时","valueType":1,"propertyType":2,"maxValue":60,"minValue":0}},"id":110,"name":"C2.i烤箱_预约开始时间（时）"},"temputer2":{"omPropertiesList":{"appointment_begin_minute":{"id":512,"propertyName":"appointment_begin_minute","propertyComments":"预约开始时间-分","valueType":1,"propertyType":2,"maxValue":60,"minValue":0}},"id":111,"name":"C2.i烤箱_预约开始时间（分）"},"temputer3":{"omPropertiesList":{"setting_temperature_up":{"id":519,"propertyName":"setting_temperature_up","propertyComments":"设定温度值-上","valueType":1,"propertyType":2,"maxValue":250,"minValue":0}},"id":112,"name":"C2.i烤箱_设定温度值(上)"},"temputer4":{"omPropertiesList":{"setting_temperature_down":{"id":520,"propertyName":"setting_temperature_down","propertyComments":"设定温度值-下","valueType":1,"propertyType":2,"maxValue":250,"minValue":0}},"id":113,"name":"C2.i烤箱_设定温度值(下)"},"temputer5":{"omPropertiesList":{"heating_pipe_up1":{"id":521,"propertyName":"heating_pipe_up1","propertyComments":"加热管-上1（预留）","valueType":1,"propertyType":2,"maxValue":255,"minValue":0}},"id":114,"name":"C2.i烤箱_加热管1"},"temputer6":{"omPropertiesList":{"heating_pipe_up2":{"id":522,"propertyName":"heating_pipe_up2","propertyComments":"加热管-上2（预留）","valueType":1,"propertyType":2,"maxValue":255,"minValue":0}},"id":115,"name":"C2.i烤箱_加热管2"},"filter_fume":{"omPropertiesList":{"heating_pipe_back1":{"id":523,"propertyName":"heating_pipe_back1","propertyComments":"加热管-背1（预留）","valueType":1,"propertyType":2,"maxValue":255,"minValue":0}},"id":116,"name":"C2.i烤箱_加热管3"},"humidify":{"omPropertiesList":{"heating_pipe_back2":{"id":524,"propertyName":"heating_pipe_back2","propertyComments":"加热管-背2（预留）","valueType":1,"propertyType":2,"maxValue":255,"minValue":0}},"id":117,"name":"C2.i烤箱_加热管4"},"work_remaining_time":{"omPropertiesList":{"heating_pipe_down1":{"id":525,"propertyName":"heating_pipe_down1","propertyComments":"加热管-下1（预留）","valueType":1,"propertyType":2,"maxValue":255,"minValue":0}},"id":118,"name":"C2.i烤箱_加热管5"},"multistage_cooking_time":{"omPropertiesList":{"heating_pipe_down2":{"id":526,"propertyName":"heating_pipe_down2","propertyComments":"加热管-下2（预留）","valueType":1,"propertyType":2,"maxValue":255,"minValue":0}},"id":119,"name":"C2.i烤箱_加热管6"},"stream_blower":{"omPropertiesList":{"fume_filtration":{"id":527,"propertyName":"fume_filtration","propertyComments":"油烟高温碳化（预留）","valueType":1,"propertyType":2,"maxValue":1,"minValue":0}},"id":120,"name":"C2.i烤箱_油烟过滤"},"temperature_sensor1":{"omPropertiesList":{"humidification":{"id":528,"propertyName":"humidification","propertyComments":"加湿功能（预留）","valueType":1,"propertyType":2,"maxValue":1,"minValue":0}},"id":121,"name":"C2.i烤箱_加湿功能"},"temperature_sensor2":{"omPropertiesList":{"remaining_time_hour":{"id":513,"propertyName":"remaining_time_hour","propertyComments":"工作剩余时间-时","valueType":1,"propertyType":1,"maxValue":24,"minValue":0}},"id":122,"name":"C2.i烤箱_工作剩余时间（时）"},"temperature_sensor3":{"omPropertiesList":{"remaining_time_minute":{"id":514,"propertyName":"remaining_time_minute","propertyComments":"工作剩余时间-分","valueType":1,"propertyType":1,"maxValue":60,"minValue":0}},"id":123,"name":"C2.i烤箱_工作剩余时间（分）"},"food_probe_t_sensor":{"omPropertiesList":{"remaining_time_second":{"id":515,"propertyName":"remaining_time_second","propertyComments":"工作剩余时间-秒","valueType":1,"propertyType":1,"maxValue":60,"minValue":0}},"id":124,"name":"C2.i烤箱_工作剩余时间（秒）"},"humidity_sensor":{"omPropertiesList":{"multistage_cooking_time_hour":{"id":516,"propertyName":"multistage_cooking_time_hour","propertyComments":"多段烹饪剩余时间-时","valueType":1,"propertyType":1,"maxValue":24,"minValue":0}},"id":125,"name":"C2.i烤箱_多段烹饪剩余时间（时）"},"gate_electtronic_lock":{"omPropertiesList":{"multistage_cooking_time_minute":{"id":517,"propertyName":"multistage_cooking_time_minute","propertyComments":"多段烹饪剩余时间-分","valueType":1,"propertyType":1,"maxValue":60,"minValue":0}},"id":126,"name":"C2.i烤箱_多段烹饪剩余时间（分）"},"gate_switch_status":{"omPropertiesList":{"multistage_cooking_time_second":{"id":518,"propertyName":"multistage_cooking_time_second","propertyComments":"多段烹饪剩余时间-秒","valueType":1,"propertyType":1,"maxValue":60,"minValue":0}},"id":127,"name":"C2.i烤箱_多段烹饪剩余时间（秒）"},"food_location":{"omPropertiesList":{"stream_blower":{"id":529,"propertyName":"stream_blower","propertyComments":"背加热管开启时启动（预留）","valueType":1,"propertyType":1,"maxValue":1,"minValue":0}},"id":128,"name":"C2.i烤箱_热风机"},"fault_No":{"omPropertiesList":{"temperature_sensor_up":{"id":530,"propertyName":"temperature_sensor_up","propertyComments":"温度传感器-上","valueType":1,"propertyType":1,"maxValue":250,"minValue":0}},"id":129,"name":"C2.i烤箱_温度传感器1"},"OTA_flag":{"omPropertiesList":{"temperature_sensor_middle":{"id":531,"propertyName":"temperature_sensor_middle","propertyComments":"温度传感器-中","valueType":1,"propertyType":1,"maxValue":250,"minValue":0}},"id":130,"name":"C2.i烤箱_温度传感器2"},"recipe_recording_status":{"omPropertiesList":{"temperature_sensor_down":{"id":532,"propertyName":"temperature_sensor_down","propertyComments":"温度传感器-下","valueType":1,"propertyType":1,"maxValue":250,"minValue":0}},"id":131,"name":"C2.i烤箱_温度传感器3"},"recipe_playing_step":{"omPropertiesList":{"food_probe_t_sensor":{"id":533,"propertyName":"food_probe_t_sensor","propertyComments":"食物探针温度传感器（预留）","valueType":1,"propertyType":1,"maxValue":250,"minValue":0}},"id":132,"name":"C2.i烤箱_食物探针温度传感器"},"power_board_ota_flag":{"omPropertiesList":{"humidity_sensor":{"id":534,"propertyName":"humidity_sensor","propertyComments":"烤箱湿度传感器（预留）","valueType":1,"propertyType":1,"maxValue":250,"minValue":0}},"id":133,"name":"C2.i烤箱_烤箱湿度传感器"},"remote_control_flag":{"omPropertiesList":{"gate_electtronic_lock":{"id":535,"propertyName":"gate_electtronic_lock","propertyComments":"门电子锁","valueType":1,"propertyType":1,"maxValue":1,"minValue":0}},"id":134,"name":"C2.i烤箱_门电子锁"},"reserved1":{"omPropertiesList":{"gate_electtronic_lock_status":{"id":536,"propertyName":"gate_electtronic_lock_status","propertyComments":"门电子锁状态","valueType":1,"propertyType":1,"maxValue":1,"minValue":0}},"id":135,"name":"C2.i烤箱_门控开关状态"},"reserved2":{"omPropertiesList":{"food_location":{"id":537,"propertyName":"food_location","propertyComments":"食物位置","valueType":1,"propertyType":1,"maxValue":255,"minValue":0}},"id":136,"name":"C2.i烤箱_食物位置"},"reserved3":{"omPropertiesList":{"fault_No":{"id":538,"propertyName":"fault_No","propertyComments":"烤箱故障编码","valueType":1,"propertyType":1,"maxValue":255,"minValue":0}},"id":137,"name":"C2.i烤箱_烤箱故障号"},"reserved4":{"omPropertiesList":{"OTA_flag":{"id":539,"propertyName":"OTA_flag","propertyComments":"是否支持OTA","valueType":1,"propertyType":1,"maxValue":1,"minValue":0}},"id":138,"name":"C2.i烤箱_OTA(远程升级）"},"reserved5":{"omPropertiesList":{"recipe_recording_status":{"id":540,"propertyName":"recipe_recording_status","propertyComments":"菜谱录制状态","valueType":1,"propertyType":1,"maxValue":3,"minValue":1},"recipe_playing_status":{"id":541,"propertyName":"recipe_playing_status","propertyComments":"菜谱播放状态","valueType":1,"propertyType":1,"maxValue":3,"minValue":1}},"id":139,"name":"C2.i烤箱_菜谱录制状态位"},"reserved6":{"omPropertiesList":{"recipe_playing_step":{"id":542,"propertyName":"recipe_playing_step","propertyComments":"当前菜谱播放到第几步","valueType":1,"propertyType":1,"maxValue":255,"minValue":0}},"id":140,"name":"C2.i烤箱_菜谱播放当前步骤"},"reserved7":{"omPropertiesList":{"power_board_ota_flag":{"id":543,"propertyName":"power_board_ota_flag","propertyComments":"电源板OTA升级标志位","valueType":1,"propertyType":1,"maxValue":1,"minValue":0}},"id":141,"name":"C2.i烤箱_电源板OTA升级标志位"},"reserved8":{"omPropertiesList":{"remote_control_flag":{"id":544,"propertyName":"remote_control_flag","propertyComments":"是否允许远程控制","valueType":1,"propertyType":1,"maxValue":1,"minValue":0}},"id":142,"name":"C2.i烤箱_是否允许远程控制"},"reserved9":{"omPropertiesList":{"reserved1":{"id":545,"propertyName":"reserved1","propertyComments":"预留","valueType":0,"propertyType":0}},"id":143,"name":"C2.i烤箱_预留1"},"reserved10":{"omPropertiesList":{"reserved2":{"id":546,"propertyName":"reserved2","propertyComments":"预留","valueType":0,"propertyType":0}},"id":144,"name":"C2.i烤箱_预留2"},"reserved11":{"omPropertiesList":{"reserved3":{"id":547,"propertyName":"reserved3","propertyComments":"预留","valueType":0,"propertyType":0}},"id":145,"name":"C2.i烤箱_预留3"}},"id":"1607d6b3e2b004381607d6b3e2b04601","name":"C2.i烤箱","description":"C2.i烤箱"}