{"omPartsList":{"power":{"omPropertiesList":{"power":{"id":1,"propertyName":"power","propertyComments":"设备状态0：关机:1：待机:2：开机","valueType":1,"propertyType":2,"maxValue":2,"minValue":0}},"id":1,"name":"C2.i蒸箱_关机待机开机"},"status":{"omPropertiesList":{"status":{"id":2,"propertyName":"status","propertyComments":"0：无工作状态1：暂停中2：预热中3：预热完成4：烹饪中5：烹饪完成6：预约中7：需要除垢8：除垢过程中请换水11：烹饪中（智能烹饪）13：浸泡中（智能烹饪）14：发酵中（智能烹饪）","valueType":1,"propertyType":2,"maxValue":14,"minValue":0}},"id":2,"name":"C2.i蒸箱_当前工作状态"},"light":{"omPropertiesList":{"light":{"id":3,"propertyName":"light","propertyComments":"蒸箱照明灯状态0：关 1：开","valueType":1,"propertyType":2,"maxValue":1,"minValue":0}},"id":3,"name":"C2.i蒸箱_照明灯"},"water_tank":{"omPropertiesList":{"water_tank":{"id":4,"propertyName":"water_tank","propertyComments":"推杆状态（0：关闭，1：停在中途，2：动作中，3：开启；）","valueType":1,"propertyType":2,"maxValue":3,"minValue":0}},"id":4,"name":"C2.i蒸箱_水箱推杆"},"mode":{"omPropertiesList":{"mode_manual_automatic":{"id":5,"propertyName":"mode_manual_automatic","propertyComments":"Bit:7：0/1  手动/自动","valueType":1,"propertyType":2,"maxValue":1,"minValue":0},"mode_manual":{"id":6,"propertyName":"mode_manual","propertyComments":"Bit:0-Bit6：0~128 （当前工作在手动模式几）手动定义：1-普通蒸，2-过温蒸，3-除垢，4解冻，5-发酵 自动定义：菜谱模式","valueType":1,"propertyType":2,"maxValue":128,"minValue":0}},"id":5,"name":"C2.i蒸箱_工作模式"},"recipe_id":{"omPropertiesList":{"recipe_id":{"id":7,"propertyName":"recipe_id","propertyComments":"当前正在播放或录制的云端菜谱ID，如没有全为0","valueType":3,"propertyType":2}},"id":6,"name":"C2.i蒸箱_当前菜谱ID"},"work_time_hour":{"omPropertiesList":{"work_time_hour":{"id":8,"propertyName":"work_time_hour","propertyComments":"设定的工作总时间（时）","valueType":1,"propertyType":2,"maxValue":24,"minValue":0}},"id":7,"name":"C2.i蒸箱_设定的工作总时间（时）"},"work_time_cent":{"omPropertiesList":{"work_time_cent":{"id":9,"propertyName":"work_time_cent","propertyComments":"设定的工作总时间（分）","valueType":1,"propertyType":2,"maxValue":60,"minValue":0}},"id":8,"name":"C2.i蒸箱_设定的工作总时间（分）"},"work_time_second":{"omPropertiesList":{"work_time_second":{"id":10,"propertyName":"work_time_second","propertyComments":"设定的工作总时间（秒）","valueType":1,"propertyType":2,"maxValue":60,"minValue":0}},"id":9,"name":"C2.i蒸箱_设定的工作总时间（秒）"},"appoint_time_day":{"omPropertiesList":{"appoint_time_day":{"id":11,"propertyName":"appoint_time_day","propertyComments":"预约开始时间（日）","valueType":1,"propertyType":2,"maxValue":31,"minValue":1}},"id":10,"name":"C2.i蒸箱_预约开始时间日"},"appoint_time_hour":{"omPropertiesList":{"appoint_time_hour":{"id":12,"propertyName":"appoint_time_hour","propertyComments":"预约开始时间（时）","valueType":1,"propertyType":2,"maxValue":24,"minValue":0}},"id":11,"name":"C2.i蒸箱_预约开始时间（时）"},"appoint_time_cent":{"omPropertiesList":{"appoint_time_cent":{"id":13,"propertyName":"appoint_time_cent","propertyComments":"预约开始时间（分）","valueType":1,"propertyType":2,"maxValue":60,"minValue":0}},"id":12,"name":"C2.i蒸箱_预约开始时间（分）"},"work_remain_time_hour":{"omPropertiesList":{"work_remain_time_hour":{"id":14,"propertyName":"work_remain_time_hour","propertyComments":"工作剩余时间（时）","valueType":1,"propertyType":1,"maxValue":24,"minValue":0}},"id":13,"name":"C2.i蒸箱_工作剩余时间（时）"},"work_remain_time_cent":{"omPropertiesList":{"work_remain_time_cent":{"id":15,"propertyName":"work_remain_time_cent","propertyComments":"工作剩余时间（分）","valueType":1,"propertyType":1,"maxValue":60,"minValue":0}},"id":14,"name":"C2.i蒸箱_工作剩余时间（分）"},"work_remain_time_second":{"omPropertiesList":{"work_remain_time_second":{"id":16,"propertyName":"work_remain_time_second","propertyComments":"工作剩余时间（秒）","valueType":1,"propertyType":1,"maxValue":60,"minValue":0}},"id":15,"name":"C2.i蒸箱_工作剩余时间（秒）"},"multi_cook_residues_time_hour":{"omPropertiesList":{"multi_cook_residues_time_hour":{"id":17,"propertyName":"multi_cook_residues_time_hour","propertyComments":"多段烹饪剩余时间（时）","valueType":1,"propertyType":1,"maxValue":24,"minValue":0}},"id":16,"name":"C2.i蒸箱_多段烹饪剩余时间（时）"},"multi_cook_residues_time_cent":{"omPropertiesList":{"multi_cook_residues_time_cent":{"id":18,"propertyName":"multi_cook_residues_time_cent","propertyComments":"多段烹饪剩余时间（分）","valueType":1,"propertyType":1,"maxValue":60,"minValue":0}},"id":17,"name":"C2.i蒸箱_多段烹饪剩余时间（分）"},"multi_cook_residues_time_second":{"omPropertiesList":{"multi_cook_residues_time_second":{"id":19,"propertyName":"multi_cook_residues_time_second","propertyComments":"多段烹饪剩余时间（秒）","valueType":1,"propertyType":1,"maxValue":60,"minValue":0}},"id":18,"name":"C2.i蒸箱_多段烹饪剩余时间（秒）"},"temperature_value1":{"omPropertiesList":{"temperature_value1":{"id":20,"propertyName":"temperature_value1","propertyComments":"设定温度值1","valueType":1,"propertyType":2,"maxValue":255,"minValue":0}},"id":19,"name":"C2.i蒸箱_设定温度值1"},"temperature_value2":{"omPropertiesList":{"temperature_value2":{"id":21,"propertyName":"temperature_value2","propertyComments":"设定温度值2","valueType":1,"propertyType":2,"maxValue":255,"minValue":0}},"id":20,"name":"C2.i蒸箱_设定温度值2"},"temperature_value3":{"omPropertiesList":{"temperature_value3":{"id":22,"propertyName":"temperature_value3","propertyComments":"设定温度值3","valueType":1,"propertyType":2,"maxValue":255,"minValue":0}},"id":21,"name":"C2.i蒸箱_设定温度值3"},"heat_plate":{"omPropertiesList":{"heat_plate":{"id":23,"propertyName":"heat_plate","propertyComments":"加热盘255全开（预留）","valueType":1,"propertyType":1,"maxValue":255,"minValue":0}},"id":22,"name":"C2.i蒸箱_加热盘"},"two_stage_heat":{"omPropertiesList":{"two_stage_heat":{"id":24,"propertyName":"two_stage_heat","propertyComments":"二级加热255全开（预留）","valueType":1,"propertyType":1,"maxValue":255,"minValue":0}},"id":23,"name":"C2.i蒸箱_二级加热"},"temperature_sensor1":{"omPropertiesList":{"temperature_sensor1":{"id":25,"propertyName":"temperature_sensor1","propertyComments":"温度传感器上温区","valueType":1,"propertyType":1,"maxValue":255,"minValue":0}},"id":24,"name":"C2.i蒸箱_温度传感器1"},"temperature_sensor2":{"omPropertiesList":{"temperature_sensor2":{"id":26,"propertyName":"temperature_sensor2","propertyComments":"温度传感器中温区（预留）","valueType":1,"propertyType":1,"maxValue":255,"minValue":0}},"id":25,"name":"C2.i蒸箱_温度传感器2"},"temperature_sensor3":{"omPropertiesList":{"temperature_sensor3":{"id":27,"propertyName":"temperature_sensor3","propertyComments":"温度传感器下温区（预留）","valueType":1,"propertyType":1,"maxValue":255,"minValue":0}},"id":26,"name":"C2.i蒸箱_温度传感器3"},"water_level_sensor1":{"omPropertiesList":{"water_level_sensor1":{"id":28,"propertyName":"water_level_sensor1","propertyComments":"水位传感器1百分比（预留）","valueType":1,"propertyType":1,"maxValue":100,"minValue":0}},"id":27,"name":"C2.i蒸箱_水位传感器1"},"water_level_sensor2":{"omPropertiesList":{"water_level_sensor2":{"id":29,"propertyName":"water_level_sensor2","propertyComments":"水位传感器2百分比（预留）","valueType":1,"propertyType":1,"maxValue":100,"minValue":0}},"id":28,"name":"C2.i蒸箱_水位传感器2"},"pressure_sensor":{"omPropertiesList":{"pressure_sensor":{"id":30,"propertyName":"pressure_sensor","propertyComments":"压力传感器(压力，具体意义待定（预留）)","valueType":1,"propertyType":1,"maxValue":255,"minValue":0}},"id":29,"name":"C2.i蒸箱_压力传感器"},"heat_film":{"omPropertiesList":{"heat_film":{"id":31,"propertyName":"heat_film","propertyComments":"加热膜0：关 1：开","valueType":1,"propertyType":1,"maxValue":1,"minValue":0}},"id":30,"name":"C2.i蒸箱_加热膜"},"cross_flow_fan":{"omPropertiesList":{"cross_flow_fan":{"id":32,"propertyName":"cross_flow_fan","propertyComments":"贯流热风机0：关 1：开","valueType":1,"propertyType":1,"maxValue":1,"minValue":0}},"id":31,"name":"C2.i蒸箱_贯流热风机"},"gate_electronic_lock":{"omPropertiesList":{"gate_electronic_lock":{"id":33,"propertyName":"gate_electronic_lock","propertyComments":"门电子锁0：关 1：开","valueType":1,"propertyType":1,"maxValue":1,"minValue":0}},"id":32,"name":"C2.i蒸箱_门电子锁"},"gate_switch_state":{"omPropertiesList":{"gate_switch_state":{"id":34,"propertyName":"gate_switch_state","propertyComments":"门控开关状态0：关 1：开","valueType":1,"propertyType":1,"maxValue":1,"minValue":0}},"id":33,"name":"C2.i蒸箱_门控开关状态"},"food_location":{"omPropertiesList":{"food_location":{"id":35,"propertyName":"food_location","propertyComments":"食物位置","valueType":1,"propertyType":1,"maxValue":255,"minValue":0}},"id":34,"name":"C2.i蒸箱_食物位置"},"steamer_fault_number":{"omPropertiesList":{"steamer_fault_number":{"id":36,"propertyName":"steamer_fault_number","propertyComments":"蒸箱故障号具体故障编码，见附件《蒸、烤、微故障代码说明V1》","valueType":1,"propertyType":1,"maxValue":255,"minValue":0}},"id":35,"name":"C2.i蒸箱_蒸箱故障号"},"ota":{"omPropertiesList":{"ota":{"id":37,"propertyName":"ota","propertyComments":"ota","valueType":1,"propertyType":1,"maxValue":1,"minValue":0}},"id":36,"name":"C2.i蒸箱_OTA(远程升级)"},"recipe_record_status_bit":{"omPropertiesList":{"recipe_record_status_bit_high":{"id":38,"propertyName":"recipe_record_status_bit_high","propertyComments":"菜谱录制状态位，高4位表示录制：1-未录制，2-正在录制","valueType":1,"propertyType":1,"maxValue":2,"minValue":1},"recipe_record_status_bit_low":{"id":39,"propertyName":"recipe_record_status_bit_low","propertyComments":"菜谱录制状态位低四位表示播放：1-未播放，2-正在播放","valueType":1,"propertyType":1,"maxValue":2,"minValue":1}},"id":37,"name":"C2.i蒸箱_菜谱录制状态位"},"recipe_plays_current_step":{"omPropertiesList":{"recipe_plays_current_step":{"id":40,"propertyName":"recipe_plays_current_step","propertyComments":"菜谱播放当前步骤（当前菜谱播放到第几步，APP会根据此参数来提示步骤描述给用户，如果未到提示点，传0）","valueType":1,"propertyType":1}},"id":38,"name":"C2.i蒸箱_菜谱播放当前步骤"},"water_shortage_hints":{"omPropertiesList":{"water_shortage_hints":{"id":41,"propertyName":"water_shortage_hints","propertyComments":"缺水提示0：不缺水 1：缺水","valueType":1,"propertyType":1,"maxValue":1,"minValue":0}},"id":39,"name":"C2.i蒸箱_缺水提示"},"water_tank_position":{"omPropertiesList":{"water_tank_position":{"id":42,"propertyName":"water_tank_position","propertyComments":"水箱位置0：水箱已推到位1：水箱未推到位","valueType":1,"propertyType":1,"maxValue":1,"minValue":0}},"id":40,"name":"C2.i蒸箱_水箱位置"},"power_board_ota_upgrade_flag":{"omPropertiesList":{"power_board_ota_upgrade_flag":{"id":43,"propertyName":"power_board_ota_upgrade_flag","propertyComments":"电源板OTA升级标志位0：电源板不在OTA状态1：电源板OTA升级中","valueType":1,"propertyType":1,"maxValue":1,"minValue":0}},"id":41,"name":"C2.i蒸箱_电源板OTA升级标志位"},"is_remote_control_allowed":{"omPropertiesList":{"is_remote_control_allowed":{"id":44,"propertyName":"is_remote_control_allowed","propertyComments":"是否允许远程控制0：不允许1：允许","valueType":1,"propertyType":1,"maxValue":1,"minValue":0}},"id":42,"name":"C2.i蒸箱_是否允许远程控制"},"record_status":{"omPropertiesList":{"record_status":{"id":45,"propertyName":"record_status","propertyComments":"录制状态0：未录制1：设置参数（首次进入录制）2：录制中","valueType":1,"propertyType":1,"maxValue":2,"minValue":0}},"id":43,"name":"C2.i蒸箱_录制状态"},"reserve1":{"omPropertiesList":{"reserve1":{"id":46,"propertyName":"reserve1","propertyComments":"预留1","valueType":1,"propertyType":1}},"id":44,"name":"C2.i蒸箱_预留1"},"reserve2":{"omPropertiesList":{"reserve2":{"id":47,"propertyName":"reserve2","propertyComments":"预留2","valueType":1,"propertyType":1}},"id":45,"name":"C2.i蒸箱_预留2"},"reserve3":{"omPropertiesList":{"reserve3":{"id":48,"propertyName":"reserve3","propertyComments":"预留3","valueType":1,"propertyType":1}},"id":46,"name":"C2.i蒸箱_预留3"},"reserve4":{"omPropertiesList":{"reserve4":{"id":49,"propertyName":"reserve4","propertyComments":"预留4","valueType":1,"propertyType":1}},"id":47,"name":"C2.i蒸箱_预留4"},"reserve5":{"omPropertiesList":{"reserve5":{"id":50,"propertyName":"reserve5","propertyComments":"预留5","valueType":1,"propertyType":1}},"id":48,"name":"C2.i蒸箱_预留5"},"reserve6":{"omPropertiesList":{"reserve6":{"id":51,"propertyName":"reserve6","propertyComments":"预留6","valueType":1,"propertyType":1}},"id":49,"name":"C2.i蒸箱_预留6"},"reserve7":{"omPropertiesList":{"reserve7":{"id":52,"propertyName":"reserve7","propertyComments":"预留7","valueType":1,"propertyType":1}},"id":50,"name":"C2.i蒸箱_预留7"},"reserve8":{"omPropertiesList":{"reserve8":{"id":53,"propertyName":"reserve8","propertyComments":"预留8","valueType":1,"propertyType":1}},"id":51,"name":"C2.i蒸箱_预留8"},"reserve9":{"omPropertiesList":{"reserve9":{"id":54,"propertyName":"reserve9","propertyComments":"预留9","valueType":1,"propertyType":1}},"id":52,"name":"C2.i蒸箱_预留9"},"reserve10":{"omPropertiesList":{"reserve10":{"id":55,"propertyName":"reserve10","propertyComments":"预留10","valueType":1,"propertyType":1}},"id":53,"name":"C2.i蒸箱_预留10"},"appoint_time_second":{"omPropertiesList":{"appoint_time_second":{"id":56,"propertyName":"appoint_time_second","propertyComments":"预约开始时间（秒）","valueType":1,"propertyType":2,"maxValue":60,"minValue":0}},"id":54,"name":"C2.i蒸箱_预约开始时间秒"}},"id":"1607d4b3e0a204381607d4b3e0a24801","name":"C2.i蒸箱","description":"C2.i蒸箱"}