{"omPartsList":{"power":{"omPropertiesList":{"power":{"id":1500,"propertyName":"power","propertyComments":"设备状态0：关机:1：待机:2：开机","valueType":1,"propertyType":2,"maxValue":2,"minValue":0}},"id":400,"name":"C2.i蒸微一体机_关机待机开机"},"status":{"omPropertiesList":{"status":{"id":1501,"propertyName":"status","propertyComments":"0：无工作状态1：暂停中2：预热中3：预热完成4：烹饪中5：烹饪完成6：预约中7：需要除垢8：除垢过程中请换水9：解冻中请翻面11：烹饪中（智能烹饪）12：煸油中（智能烹饪）13：浸泡中（智能烹饪）14：发酵中（智能烹饪）15：热油中（智能烹饪）","valueType":1,"propertyType":2,"maxValue":14,"minValue":0}},"id":401,"name":"C2.i蒸微一体机_当前工作状态"},"light":{"omPropertiesList":{"light":{"id":1502,"propertyName":"light","propertyComments":"蒸箱照明灯状态0：关 1：开","valueType":1,"propertyType":2,"maxValue":1,"minValue":0}},"id":402,"name":"C2.i蒸微一体机_照明灯"},"mode":{"omPropertiesList":{"mode_manual_automatic":{"id":1503,"propertyName":"mode_manual_automatic","propertyComments":"Bit:7：0/1  手动/自动","valueType":1,"propertyType":2,"maxValue":1,"minValue":0},"mode_manual":{"id":1504,"propertyName":"mode_manual","propertyComments":"Bit:0-Bit6：0~128 （当前工作在手动模式几）手动定义：手动定义：普通蒸： 2解冻：   3发酵：   4微波\t：   5蒸8微2：7蒸2微8：8自动定义：除垢：    191自动清洁：192微波解冻：196","valueType":1,"propertyType":2,"maxValue":128,"minValue":0}},"id":403,"name":"C2.i蒸微一体机_工作模式"},"recipe_id":{"omPropertiesList":{"recipe_id":{"id":1505,"propertyName":"recipe_id","propertyComments":"当前正在播放或录制的云端菜谱ID，如没有全为0","valueType":1,"propertyType":2}},"id":404,"name":"C2.i蒸微一体机_当前菜谱ID"},"work_time_hour":{"omPropertiesList":{"work_time_hour":{"id":1506,"propertyName":"work_time_hour","propertyComments":"设定的工作总时间（时）","valueType":1,"propertyType":2,"maxValue":24,"minValue":0}},"id":405,"name":"C2.i蒸箱_设定的工作总时间（时）"},"work_time_cent":{"omPropertiesList":{"work_time_cent":{"id":1507,"propertyName":"work_time_cent","propertyComments":"设定的工作总时间（分）","valueType":1,"propertyType":2,"maxValue":60,"minValue":0}},"id":406,"name":"C2.i蒸箱_设定的工作总时间（分）"},"work_time_second":{"omPropertiesList":{"work_time_second":{"id":1508,"propertyName":"work_time_second","propertyComments":"设定的工作总时间（秒）","valueType":1,"propertyType":2,"maxValue":60,"minValue":0}},"id":407,"name":"C2.i蒸箱_设定的工作总时间（秒）"},"appoint_time_day":{"omPropertiesList":{"appoint_time_day":{"id":1509,"propertyName":"appoint_time_day","propertyComments":"预约开始时间（日）","valueType":1,"propertyType":2,"maxValue":31,"minValue":1}},"id":408,"name":"C2.i蒸箱_预约开始时间日"},"appoint_time_hour":{"omPropertiesList":{"appoint_time_hour":{"id":1510,"propertyName":"appoint_time_hour","propertyComments":"预约开始时间（时）","valueType":1,"propertyType":2,"maxValue":24,"minValue":0}},"id":409,"name":"C2.i蒸箱_预约开始时间（时）"},"appoint_time_cent":{"omPropertiesList":{"appoint_time_fen":{"id":1511,"propertyName":"appoint_time_fen","propertyComments":"预约开始时间（分）","valueType":1,"propertyType":2,"maxValue":60,"minValue":0}},"id":410,"name":"C2.i蒸箱_预约开始时间（分）"},"work_remain_time_hour":{"omPropertiesList":{"work_remain_time_hour":{"id":1512,"propertyName":"work_remain_time_hour","propertyComments":"工作剩余时间（时）","valueType":1,"propertyType":1,"maxValue":24,"minValue":0}},"id":411,"name":"C2.i蒸箱_工作剩余时间（时）"},"work_remain_time_cent":{"omPropertiesList":{"work_remain_time_cent":{"id":1513,"propertyName":"work_remain_time_cent","propertyComments":"工作剩余时间（分）","valueType":1,"propertyType":1,"maxValue":60,"minValue":0}},"id":412,"name":"C2.i蒸箱_工作剩余时间（分）"},"work_remain_time_second":{"omPropertiesList":{"work_remain_time_second":{"id":1514,"propertyName":"work_remain_time_second","propertyComments":"工作剩余时间（秒）","valueType":1,"propertyType":1,"maxValue":60,"minValue":0}},"id":413,"name":"C2.i蒸箱_工作剩余时间（秒）"},"multi_cook_residues_time_hour":{"omPropertiesList":{"multi_cook_residues_time_hour":{"id":1515,"propertyName":"multi_cook_residues_time_hour","propertyComments":"多段烹饪剩余时间（时）","valueType":1,"propertyType":1,"maxValue":24,"minValue":0}},"id":414,"name":"C2.i蒸箱_多段烹饪剩余时间（时）"},"multi_cook_residues_time_cent":{"omPropertiesList":{"multi_cook_residues_time_cent":{"id":1516,"propertyName":"multi_cook_residues_time_cent","propertyComments":"多段烹饪剩余时间（分）","valueType":1,"propertyType":1,"maxValue":60,"minValue":0}},"id":415,"name":"C2.i蒸箱_多段烹饪剩余时间（分）"},"multi_cook_residues_time_second":{"omPropertiesList":{"multi_cook_residues_time_second":{"id":1517,"propertyName":"multi_cook_residues_time_second","propertyComments":"多段烹饪剩余时间（秒）","valueType":1,"propertyType":1,"maxValue":60,"minValue":0}},"id":416,"name":"C2.i蒸箱_多段烹饪剩余时间（秒）"},"setting_temperature":{"omPropertiesList":{"setting_temperature":{"id":1518,"propertyName":"setting_temperature","propertyComments":"设定温度值","valueType":1,"propertyType":2,"maxValue":100,"minValue":30}},"id":417,"name":"C2.i蒸微一体机_设定温度值"},"current_temperature_value":{"omPropertiesList":{"current_temperature_value":{"id":1519,"propertyName":"current_temperature_value","propertyComments":"当前温度值","valueType":1,"propertyType":1,"maxValue":100,"minValue":30}},"id":418,"name":"C2.i蒸微一体机_当前温度值"},"magnetron_power":{"omPropertiesList":{"magnetron_power":{"id":1520,"propertyName":"magnetron_power","propertyComments":"磁控管功率","valueType":1,"propertyType":2,"maxValue":100,"minValue":0}},"id":419,"name":"C2.i蒸微一体机_磁控管功率"},"heating_tube":{"omPropertiesList":{"heating_tube":{"id":1521,"propertyName":"heating_tube","propertyComments":"加热管","valueType":1,"propertyType":2,"maxValue":255,"minValue":0}},"id":420,"name":"C2.i蒸微一体机_加热管"},"gate_switch_state":{"omPropertiesList":{"gate_switch_state":{"id":1522,"propertyName":"gate_switch_state","propertyComments":"门控开关状态0：关  1：开","valueType":1,"propertyType":1,"maxValue":1,"minValue":0}},"id":421,"name":"C2.i蒸微一体机_门控开关状态"},"steamer_fault_number":{"omPropertiesList":{"steamer_fault_number":{"id":1523,"propertyName":"steamer_fault_number","propertyComments":"蒸箱故障号具体故障编码，见附件《蒸、烤、微故障代码说明V1》","valueType":1,"propertyType":1,"maxValue":255,"minValue":0}},"id":422,"name":"C2.i蒸微一体机_故障号"},"ota":{"omPropertiesList":{"ota":{"id":1524,"propertyName":"ota","propertyComments":"ota","valueType":1,"propertyType":1,"maxValue":1,"minValue":0}},"id":423,"name":"C2.i蒸微一体机_OTA(远程升级)"},"water_level_sensor1":{"omPropertiesList":{"water_level_sensor1":{"id":1525,"propertyName":"water_level_sensor1","propertyComments":"水位传感器1百分比（预留）","valueType":1,"propertyType":1,"maxValue":100,"minValue":0}},"id":424,"name":"C2.i蒸微一体机_水位传感器1"},"water_level_sensor2":{"omPropertiesList":{"water_level_sensor2":{"id":1526,"propertyName":"water_level_sensor2","propertyComments":"水位传感器2百分比（预留）","valueType":1,"propertyType":1,"maxValue":100,"minValue":0}},"id":425,"name":"C2.i蒸微一体机_水位传感器2"},"pressure_sensor":{"omPropertiesList":{"pressure_sensor":{"id":1527,"propertyName":"pressure_sensor","propertyComments":"压力传感器(压力，具体意义待定（预留）)","valueType":1,"propertyType":1,"maxValue":255,"minValue":0}},"id":426,"name":"C2.i蒸微一体机_压力传感器"},"heat_film":{"omPropertiesList":{"heat_film":{"id":1528,"propertyName":"heat_film","propertyComments":"加热膜0：关 1：开","valueType":1,"propertyType":1,"maxValue":1,"minValue":0}},"id":427,"name":"C2.i蒸微一体机_加热膜"},"cross_flow_fan":{"omPropertiesList":{"cross_flow_fan":{"id":1529,"propertyName":"cross_flow_fan","propertyComments":"贯流热风机0：关 1：开","valueType":1,"propertyType":1,"maxValue":1,"minValue":0}},"id":428,"name":"C2.i蒸微一体机_贯流热风机"},"gate_electronic_lock":{"omPropertiesList":{"gate_electronic_lock":{"id":1530,"propertyName":"gate_electronic_lock","propertyComments":"门电子锁0：关 1：开","valueType":1,"propertyType":1,"maxValue":1,"minValue":0}},"id":429,"name":"C2.i蒸微一体机_门电子锁"},"food_location":{"omPropertiesList":{"food_location":{"id":1531,"propertyName":"food_location","propertyComments":"食物位置","valueType":1,"propertyType":1,"maxValue":255,"minValue":0}},"id":430,"name":"C2.i蒸微一体机_食物位置"},"recipe_record_status_bit":{"omPropertiesList":{"recipe_record_status_bit_high":{"id":1532,"propertyName":"recipe_record_status_bit_high","propertyComments":"菜谱录制状态位，高4位表示录制：1-未录制，2-正在录制，3-异常终止","valueType":1,"propertyType":1,"maxValue":2,"minValue":1},"recipe_record_status_bit_low":{"id":1533,"propertyName":"recipe_record_status_bit_low","propertyComments":"菜谱录制状态位低四位表示播放：1-未播放，2-正在播放，3-异常终止","valueType":1,"propertyType":1,"maxValue":2,"minValue":1}},"id":431,"name":"C2.i蒸微一体机_菜谱录制状态位"},"attribute":{"omPropertiesList":{"attribute":{"id":1534,"propertyName":"attribute","propertyComments":"属性：表示解冻和爆米花模式的重量","valueType":1,"propertyType":2,"maxValue":255,"minValue":0}},"id":432,"name":"C2.i蒸微一体机_属性"},"recipe_plays_current_step":{"omPropertiesList":{"recipe_plays_current_step":{"id":1535,"propertyName":"recipe_plays_current_step","propertyComments":"菜谱播放当前步骤（当前菜谱播放到第几步，APP会根据此参数来提示步骤描述给用户，如果未到提示点，传0）","valueType":1,"propertyType":1}},"id":433,"name":"C2.i蒸微一体机_菜谱播放当前步骤"},"water_shortage_hints":{"omPropertiesList":{"water_shortage_hints":{"id":1536,"propertyName":"water_shortage_hints","propertyComments":"缺水提示0：不缺水 1：缺水","valueType":1,"propertyType":1,"maxValue":1,"minValue":0}},"id":434,"name":"C2.i蒸微一体机_缺水提示"},"water_tank_position":{"omPropertiesList":{"water_tank_position":{"id":1537,"propertyName":"water_tank_position","propertyComments":"水箱位置0：水箱已推到位1：水箱未推到位","valueType":1,"propertyType":1,"maxValue":1,"minValue":0}},"id":435,"name":"C2.i蒸微一体机_水箱位置"},"power_board_ota_upgrade_flag":{"omPropertiesList":{"power_board_ota_upgrade_flag":{"id":1538,"propertyName":"power_board_ota_upgrade_flag","propertyComments":"电源板OTA升级标志位0：电源板不在OTA状态1：电源板OTA升级中","valueType":1,"propertyType":1,"maxValue":1,"minValue":0}},"id":436,"name":"C2.i蒸微一体机_电源板OTA升级标志位"},"is_remote_control_allowed":{"omPropertiesList":{"is_remote_control_allowed":{"id":1539,"propertyName":"is_remote_control_allowed","propertyComments":"是否允许远程控制0：不允许1：允许","valueType":1,"propertyType":1,"maxValue":1,"minValue":0}},"id":437,"name":"C2.i蒸微一体机_是否允许远程控制"},"reserve1":{"omPropertiesList":{"reserve1":{"id":1540,"propertyName":"reserve1","propertyComments":"预留1 0：未录制1：设置参数（首次进入录制）2：录制中 ","valueType":1,"propertyType":1}},"id":438,"name":"C2.i蒸微一体机_预留1"},"reserve2":{"omPropertiesList":{"reserve2":{"id":1541,"propertyName":"reserve2","propertyComments":"预留2","valueType":1,"propertyType":1}},"id":439,"name":"C2.i蒸微一体机_预留2"},"reserve3":{"omPropertiesList":{"reserve3":{"id":1542,"propertyName":"reserve3","propertyComments":"预留3","valueType":1,"propertyType":1}},"id":440,"name":"C2.i蒸微一体机_预留3"},"reserve4":{"omPropertiesList":{"reserve4":{"id":1543,"propertyName":"reserve4","propertyComments":"预留4","valueType":1,"propertyType":1}},"id":441,"name":"C2.i蒸微一体机_预留4"},"reserve5":{"omPropertiesList":{"reserve5":{"id":1544,"propertyName":"reserve5","propertyComments":"预留5","valueType":1,"propertyType":1}},"id":442,"name":"C2.i蒸微一体机_预留5"},"reserve6":{"omPropertiesList":{"reserve6":{"id":1545,"propertyName":"reserve6","propertyComments":"预留6","valueType":1,"propertyType":1}},"id":443,"name":"C2.i蒸微一体机_预留6"},"reserve7":{"omPropertiesList":{"reserve7":{"id":1546,"propertyName":"reserve7","propertyComments":"预留7","valueType":1,"propertyType":1}},"id":444,"name":"C2.i蒸微一体机_预留7"},"reserve8":{"omPropertiesList":{"reserve8":{"id":1547,"propertyName":"reserve8","propertyComments":"预留8","valueType":1,"propertyType":1}},"id":445,"name":"C2.i蒸微一体机_预留8"},"reserve9":{"omPropertiesList":{"reserve9":{"id":1548,"propertyName":"reserve9","propertyComments":"预留9","valueType":1,"propertyType":1}},"id":446,"name":"C2.i蒸微一体机_预留9"},"reserve10":{"omPropertiesList":{"reserve10":{"id":1549,"propertyName":"reserve10","propertyComments":"预留10","valueType":1,"propertyType":1}},"id":447,"name":"C2.i蒸微一体机_预留10"},"reserve11":{"omPropertiesList":{"reserve11":{"id":1550,"propertyName":"reserve11","propertyComments":"预留11","valueType":1,"propertyType":1}},"id":448,"name":"C2.i蒸微一体机_预留11"},"reserve12":{"omPropertiesList":{"reserve12":{"id":1551,"propertyName":"reserve12","propertyComments":"预留12","valueType":1,"propertyType":1}},"id":449,"name":"C2.i蒸微一体机_预留12"},"reserve13":{"omPropertiesList":{"reserve13":{"id":1552,"propertyName":"reserve13","propertyComments":"预留13","valueType":1,"propertyType":1}},"id":450,"name":"C2.i蒸微一体机_预留13"},"reserve14":{"omPropertiesList":{"reserve14":{"id":1553,"propertyName":"reserve14","propertyComments":"预留14","valueType":1,"propertyType":1}},"id":451,"name":"C2.i蒸微一体机_预留14"}},"id":"1607d4b3e2b004381607d4b3e2b0f401","name":"C2.i蒸微一体机","description":"C2.i蒸微一体机"}