{"omPartsList":{"left_stove_status":{"omPropertiesList":{"left_has_pot":{"id":2501,"propertyName":"left_has_pot","propertyComments":"左灶是否有锅","valueType":1,"propertyType":1,"maxValue":255,"minValue":0},"left_waste_heat":{"id":2502,"propertyName":"left_waste_heat","propertyComments":"左灶有无余热","valueType":1,"propertyType":1,"maxValue":255,"minValue":0},"left_time":{"id":2503,"propertyName":"left_time","propertyComments":"左灶有无定时","valueType":1,"propertyType":1,"maxValue":255,"minValue":0},"left_heating":{"id":2504,"propertyName":"left_heating","propertyComments":"左灶有无加热","valueType":1,"propertyType":1,"maxValue":255,"minValue":0},"left_ignition":{"id":2505,"propertyName":"left_ignition","propertyComments":"左灶是否点火","valueType":1,"propertyType":1,"maxValue":255,"minValue":0},"left_burning":{"id":2506,"propertyName":"left_burning","propertyComments":"左灶有无火","valueType":1,"propertyType":1,"maxValue":255,"minValue":0},"left_plug_valve":{"id":2507,"propertyName":"left_plug_valve","propertyComments":"左灶旋塞阀是否打开","valueType":1,"propertyType":1,"maxValue":255,"minValue":0},"left_reserverd":{"id":2508,"propertyName":"left_reserverd","propertyComments":"左灶预留","valueType":0,"propertyType":1}},"id":501,"name":"C2.i灶具_左灶机器工作状态"},"right_stove_staus":{"omPropertiesList":{"right_has_pot":{"id":2509,"propertyName":"right_has_pot","propertyComments":"右灶是否有锅","valueType":1,"propertyType":1,"maxValue":255,"minValue":0},"right_waste_heat":{"id":2510,"propertyName":"right_waste_heat","propertyComments":"右灶有无余热","valueType":1,"propertyType":1,"maxValue":255,"minValue":0},"right_time":{"id":2511,"propertyName":"right_time","propertyComments":"右灶有无定时","valueType":1,"propertyType":1,"maxValue":255,"minValue":0},"right_heating":{"id":2512,"propertyName":"right_heating","propertyComments":"右灶有无加热","valueType":1,"propertyType":1,"maxValue":255,"minValue":0},"right_ignition":{"id":2513,"propertyName":"right_ignition","propertyComments":"右灶是否点火","valueType":1,"propertyType":1,"maxValue":255,"minValue":0},"right_burning":{"id":2514,"propertyName":"right_burning","propertyComments":"右灶有无火","valueType":1,"propertyType":1,"maxValue":255,"minValue":0},"right_plug_valve":{"id":2515,"propertyName":"right_plug_valve","propertyComments":"右灶旋塞阀是否打开","valueType":1,"propertyType":1,"maxValue":255,"minValue":0},"right_reserverd":{"id":2516,"propertyName":"right_reserverd","propertyComments":"右灶预留","valueType":0,"propertyType":1}},"id":502,"name":"C2.i灶具_右灶机器工作状态"},"left_firepower":{"omPropertiesList":{"left_firepower":{"id":2517,"propertyName":"left_firepower","propertyComments":"左灶当前火力","valueType":1,"propertyType":2,"maxValue":9,"minValue":0}},"id":503,"name":"C2.i灶具_左灶当前火力"},"right_firepower":{"omPropertiesList":{"right_firepower":{"id":2518,"propertyName":"right_firepower","propertyComments":"右灶当前火力","valueType":1,"propertyType":2,"maxValue":9,"minValue":0}},"id":504,"name":"C2.i灶具_右灶当前火力"},"left_setted_temperature":{"omPropertiesList":{"left_setted_temperature":{"id":2519,"propertyName":"left_setted_temperature","propertyComments":"左灶设定温度（预留）℃或AD值","valueType":1,"propertyType":2,"maxValue":200,"minValue":50}},"id":505,"name":"C2.i灶具_左灶设定温度（预留）"},"right_setted_temperature":{"omPropertiesList":{"right_setted_temperature":{"id":2520,"propertyName":"right_setted_temperature","propertyComments":"右灶设定温度（预留）℃或AD值","valueType":1,"propertyType":2,"maxValue":200,"minValue":50}},"id":506,"name":"C2.i灶具_右灶设定温度（预定）"},"left_stove_temperature":{"omPropertiesList":{"left_temperature":{"id":2521,"propertyName":"left_temperature","propertyComments":"左灶实际温度","valueType":1,"propertyType":1,"maxValue":255,"minValue":0}},"id":507,"name":"C2.i灶具_左灶实际温度"},"right_stove_temperature":{"omPropertiesList":{"right_temperature":{"id":2522,"propertyName":"right_temperature","propertyComments":"右灶实际温度","valueType":1,"propertyType":1,"maxValue":255,"minValue":0}},"id":508,"name":"C2.i灶具_右灶实际温度"},"left_time_remaining_hour":{"omPropertiesList":{"left_remaining_time_hour":{"id":2523,"propertyName":"left_remaining_time_hour","propertyComments":"左灶定时剩余小时","valueType":1,"propertyType":1,"maxValue":4,"minValue":0}},"id":509,"name":"C2.i灶具_左灶定时剩余时间小时"},"left_time_remaining_minute":{"omPropertiesList":{"left_remaining_time_minute":{"id":2524,"propertyName":"left_remaining_time_minute","propertyComments":"左灶定时剩余分钟","valueType":1,"propertyType":1,"maxValue":59,"minValue":0}},"id":510,"name":"C2.i灶具_左灶定时剩余时间分钟"},"left_time_remaining_second":{"omPropertiesList":{"left_remaining_time_second":{"id":2525,"propertyName":"left_remaining_time_second","propertyComments":"左灶定时剩余秒钟","valueType":1,"propertyType":1,"maxValue":59,"minValue":0}},"id":511,"name":"C2.i灶具_左灶定时剩余时间秒钟"},"right_time_remaining_hour":{"omPropertiesList":{"right_remaining_time_hour":{"id":2526,"propertyName":"right_remaining_time_hour","propertyComments":"右灶定时剩余小时","valueType":1,"propertyType":1,"maxValue":4,"minValue":0}},"id":512,"name":"C2.i灶具_右灶定时剩余时间小时"},"right_time_remaining_minute":{"omPropertiesList":{"right_remaining_time_minute":{"id":2527,"propertyName":"right_remaining_time_minute","propertyComments":"右灶定时剩余分钟","valueType":1,"propertyType":1,"maxValue":59,"minValue":0}},"id":513,"name":"C2.i灶具_右灶定时剩余时间分钟"},"right_time_remaining_second":{"omPropertiesList":{"right_remaining_time_second":{"id":2528,"propertyName":"right_remaining_time_second","propertyComments":"右灶定时剩余秒钟","valueType":1,"propertyType":1,"maxValue":59,"minValue":0}},"id":514,"name":"C2.i灶具_右灶定时剩余时间秒钟"},"left_cooking_mode_H":{"omPropertiesList":{"left_cooking_mode_H":{"id":2529,"propertyName":"left_cooking_mode_H","propertyComments":"左灶当前烹饪模式(高位)","valueType":1,"propertyType":2,"maxValue":255,"minValue":0}},"id":515,"name":"C2.i灶具_左灶当前烹饪模式（高位）"},"left_cooking_mode_L":{"omPropertiesList":{"left_cooking_mode_L":{"id":2530,"propertyName":"left_cooking_mode_L","propertyComments":"左灶当前烹饪模式(低位），智能菜谱ID号低位用于食材份量ID","valueType":1,"propertyType":2,"maxValue":255,"minValue":0}},"id":516,"name":"C2.i灶具_左灶当前烹饪模式（低位）"},"right_cooking_mode_H":{"omPropertiesList":{"right_cooking_mode_H":{"id":2531,"propertyName":"right_cooking_mode_H","propertyComments":"右灶当前烹饪模式(高位)","valueType":1,"propertyType":2,"maxValue":255,"minValue":0}},"id":517,"name":"C2.i灶具_右灶当前烹饪模式（高位）"},"right_cooking_mode_L":{"omPropertiesList":{"right_cooking_mode_L":{"id":2532,"propertyName":"right_cooking_mode_L","propertyComments":"右灶当前烹饪模式(低位），智能菜谱ID号低位用于食材份量ID","valueType":1,"propertyType":2,"maxValue":255,"minValue":0}},"id":518,"name":"C2.i灶具_右灶当前烹饪模式（低位）"},"left_thermocouple_tem":{"omPropertiesList":{"left_thermocouple_t":{"id":2533,"propertyName":"left_thermocouple_t","propertyComments":"左灶热电偶温度（AD值）","valueType":1,"propertyType":1,"maxValue":255,"minValue":0}},"id":519,"name":"C2.i灶具_左灶热电偶温度"},"right_thermocouple_tem":{"omPropertiesList":{"right_thermocouple_t":{"id":2534,"propertyName":"right_thermocouple_t","propertyComments":"右灶热电偶温度（AD值）","valueType":1,"propertyType":1,"maxValue":255,"minValue":0}},"id":520,"name":"C2.i灶具_右灶热电偶温度"},"left_thermocouple_value":{"omPropertiesList":{"left_thermocouple_value":{"id":2535,"propertyName":"left_thermocouple_value","propertyComments":"左灶热电偶基准值","valueType":1,"propertyType":1,"maxValue":255,"minValue":0}},"id":521,"name":"C2.i灶具_左灶热电偶基准值"},"right_thermocouple_value":{"omPropertiesList":{"right_thermocouple_value":{"id":2536,"propertyName":"right_thermocouple_value","propertyComments":"右灶热电偶基准值","valueType":1,"propertyType":1,"maxValue":255,"minValue":0}},"id":522,"name":"C2.i灶具_右灶热电偶基准值"},"WIFI_signal_strength":{"omPropertiesList":{"wifi_signal_strength":{"id":2537,"propertyName":"wifi_signal_strength","propertyComments":"WIFI信号强度","valueType":1,"propertyType":1,"maxValue":9,"minValue":0}},"id":523,"name":"C2.i灶具_WIFI信号强度"},"oil_temperature_prompt":{"omPropertiesList":{"left_red_light":{"id":2538,"propertyName":"left_red_light","propertyComments":"左灶红灯状态","valueType":1,"propertyType":1,"maxValue":255,"minValue":0},"left_green_light":{"id":2539,"propertyName":"left_green_light","propertyComments":"左灶绿灯状态","valueType":1,"propertyType":1,"maxValue":255,"minValue":0},"right_red_light":{"id":2540,"propertyName":"right_red_light","propertyComments":"右灶红灯状态","valueType":1,"propertyType":1,"maxValue":255,"minValue":0},"right_green_light":{"id":2541,"propertyName":"right_green_light","propertyComments":"右灶绿灯状态","valueType":1,"propertyType":1,"maxValue":255,"minValue":0}},"id":524,"name":"C2.i灶具_健康油温提示"},"left_off_flag":{"omPropertiesList":{"left_shut_down_flag":{"id":2542,"propertyName":"left_shut_down_flag","propertyComments":"左灶自动关机标志","valueType":1,"propertyType":1,"maxValue":5,"minValue":0}},"id":525,"name":"C2.i灶具_左灶自动关机标志"},"right_off_flag":{"omPropertiesList":{"right_shut_down_flag":{"id":2543,"propertyName":"right_shut_down_flag","propertyComments":"右灶自动关机标志","valueType":1,"propertyType":1,"maxValue":5,"minValue":0}},"id":526,"name":"C2.i灶具_右灶自动关机标记"},"gas_type":{"omPropertiesList":{"gas_source_type":{"id":2544,"propertyName":"gas_source_type","propertyComments":"气源类型","valueType":1,"propertyType":2,"maxValue":3,"minValue":0}},"id":527,"name":"C2.i灶具_当前气源"},"cookbook_flag":{"omPropertiesList":{"cookbook_stove_flag":{"id":2545,"propertyName":"cookbook_stove_flag","propertyComments":"菜谱录制左右灶标志","valueType":1,"propertyType":1,"maxValue":1,"minValue":0},"is_recipe_recorded_success":{"id":2546,"propertyName":"is_recipe_recorded_success","propertyComments":"菜谱录制成功","valueType":1,"propertyType":1,"maxValue":255,"minValue":0},"is_recipe_recorded_overflow":{"id":2547,"propertyName":"is_recipe_recorded_overflow","propertyComments":"菜谱录制满溢出","valueType":1,"propertyType":1,"maxValue":255,"minValue":0},"is_playdata_download_success":{"id":2548,"propertyName":"is_playdata_download_success","propertyComments":"播放数据下载成功","valueType":1,"propertyType":1,"maxValue":255,"minValue":0},"is_recipe_recording":{"id":2549,"propertyName":"is_recipe_recording","propertyComments":"菜谱录制中","valueType":1,"propertyType":1,"maxValue":255,"minValue":0},"is_recipe_cooking":{"id":2550,"propertyName":"is_recipe_cooking","propertyComments":"菜谱烹饪中","valueType":1,"propertyType":1,"maxValue":255,"minValue":0},"recipe_play_or_recording_request":{"id":2551,"propertyName":"recipe_play_or_recording_request","propertyComments":"菜谱录制或播放请求中","valueType":1,"propertyType":1,"maxValue":255,"minValue":0}},"id":528,"name":"C2.i灶具_菜谱过程标志"},"cookbook_step":{"omPropertiesList":{"cookbook_step":{"id":2552,"propertyName":"cookbook_step","propertyComments":"菜谱标记点步骤","valueType":1,"propertyType":1,"maxValue":255,"minValue":0}},"id":529,"name":"C2.i灶具_菜谱标记点步骤"},"Ti_cookstepH":{"omPropertiesList":{"cook_remaining_time_H":{"id":2553,"propertyName":"cook_remaining_time_H","propertyComments":"当前菜谱步骤剩余时间秒高位","valueType":1,"propertyType":1,"maxValue":255,"minValue":0}},"id":530,"name":"C2.i灶具_当前菜谱步骤剩余时间高位（标记点）"},"Ti_cookstepL":{"omPropertiesList":{"cook_remaining_time_H":{"id":2554,"propertyName":"cook_remaining_time_H","propertyComments":"当前菜谱步骤剩余时间秒低位","valueType":1,"propertyType":1,"maxValue":255,"minValue":0}},"id":531,"name":"C2.i灶具_当前菜谱步骤剩余时间低位（标记点）"},"error_code0":{"omPropertiesList":{"error_code0":{"id":2555,"propertyName":"error_code0","propertyComments":"故障代码0","valueType":1,"propertyType":1,"maxValue":255,"minValue":0}},"id":532,"name":"C2.i灶具_故障代码0"},"error_code1":{"omPropertiesList":{"error_code1":{"id":2556,"propertyName":"error_code1","propertyComments":"故障代码1","valueType":1,"propertyType":1,"maxValue":255,"minValue":0}},"id":533,"name":"C2.i灶具_故障代码1"},"error_code2":{"omPropertiesList":{"error_code2":{"id":2557,"propertyName":"error_code2","propertyComments":"故障代码2","valueType":1,"propertyType":1,"maxValue":255,"minValue":0}},"id":534,"name":"C2.i灶具_故障代码2"},"error_code3":{"omPropertiesList":{"error_code3":{"id":2558,"propertyName":"error_code3","propertyComments":"故障代码3","valueType":1,"propertyType":1,"maxValue":255,"minValue":0}},"id":535,"name":"C2.i灶具_故障代码3"},"error_code4":{"omPropertiesList":{"error_code4":{"id":2559,"propertyName":"error_code4","propertyComments":"故障代码4","valueType":1,"propertyType":1,"maxValue":255,"minValue":0}},"id":536,"name":"C2.i灶具_故障代码4"},"board_temperature":{"omPropertiesList":{"bord_temperature":{"id":2560,"propertyName":"bord_temperature","propertyComments":"电路板温度值","valueType":1,"propertyType":1,"maxValue":255,"minValue":0}},"id":537,"name":"C2.i灶具_电路板温度"},"board_voltage":{"omPropertiesList":{"board_DC_voltage":{"id":2561,"propertyName":"board_DC_voltage","propertyComments":"电路板DC电压值","valueType":1,"propertyType":1,"maxValue":255,"minValue":0}},"id":538,"name":"C2.i灶具_电路板DC电压值"},"left_valve_max_valueH":{"omPropertiesList":{"left_airvalve_max_HPWM":{"id":2562,"propertyName":"left_airvalve_max_HPWM","propertyComments":"左灶气阀最大开度预置值高位","valueType":1,"propertyType":1,"maxValue":255,"minValue":0}},"id":539,"name":"C2.i灶具_左灶气阀最大开度预置值高位"},"left_valve_max_valueL":{"omPropertiesList":{"left_airvalve_max_LPWM":{"id":2563,"propertyName":"left_airvalve_max_LPWM","propertyComments":"左灶气阀最大开度预置值低位","valueType":1,"propertyType":1,"maxValue":255,"minValue":0}},"id":540,"name":"C2.i灶具_左灶气阀最大开度预置值低位"},"left_valve_min_valueH":{"omPropertiesList":{"left_airvalve_min_HPWM":{"id":2564,"propertyName":"left_airvalve_min_HPWM","propertyComments":"左灶气阀最小开度预置值高位","valueType":1,"propertyType":1,"maxValue":255,"minValue":0}},"id":541,"name":"C2.i灶具_左灶气阀最小开度预置值高位"},"left_valve_min_valueL":{"omPropertiesList":{"left_airvalve_min_LPWM":{"id":2565,"propertyName":"left_airvalve_min_LPWM","propertyComments":"左灶气阀最小开度预置值低位","valueType":1,"propertyType":1,"maxValue":255,"minValue":0}},"id":542,"name":"C2.i灶具_左灶气阀最小开度预置值低位"},"right_valve_max_valueH":{"omPropertiesList":{"right_airvalve_max_HPWM":{"id":2566,"propertyName":"right_airvalve_max_HPWM","propertyComments":"右灶气阀最大开度预置值高位","valueType":1,"propertyType":1,"maxValue":255,"minValue":0}},"id":543,"name":"C2.i灶具_右灶气阀最大开度预置值高位"},"right_valve_max_valueL":{"omPropertiesList":{"right_airvalve_max_LPWM":{"id":2567,"propertyName":"right_airvalve_max_LPWM","propertyComments":"右灶气阀最大开度预置值低位","valueType":1,"propertyType":1,"maxValue":255,"minValue":0}},"id":544,"name":"C2.i灶具_右灶气阀最大开度预置值低位"},"right_valve_min_valueH":{"omPropertiesList":{"right_airvalve_min_HPWM":{"id":2568,"propertyName":"right_airvalve_min_HPWM","propertyComments":"右灶气阀最小开度预置值高位","valueType":1,"propertyType":1,"maxValue":255,"minValue":0}},"id":545,"name":"C2.i灶具_右灶气阀最小开度预置值高位"},"right_valve_min_valueL":{"omPropertiesList":{"right_airvalve_min_LPWM":{"id":2569,"propertyName":"right_airvalve_min_LPWM","propertyComments":"右灶气阀最小开度预置值低位","valueType":1,"propertyType":1,"maxValue":255,"minValue":0}},"id":546,"name":"C2.i灶具_右灶气阀最小开度预置值低位"},"communication_linkage_config":{"omPropertiesList":{"channel_type":{"id":2570,"propertyName":"channel_type","propertyComments":"通信通道类型（Wifi/蓝牙）","valueType":1,"propertyType":1,"maxValue":1,"minValue":0},"bluetooth_channel_status":{"id":2571,"propertyName":"bluetooth_channel_status","propertyComments":"蓝牙通道是否正常连接","valueType":1,"propertyType":1,"maxValue":1,"minValue":0},"wifi_channel_status":{"id":2572,"propertyName":"wifi_channel_status","propertyComments":"wifi通道是否正常连接","valueType":1,"propertyType":1,"maxValue":1,"minValue":0},"router_channel_status":{"id":2573,"propertyName":"router_channel_status","propertyComments":"路由器是否正常连接","valueType":1,"propertyType":1,"maxValue":1,"minValue":0},"quick_link_status":{"id":2574,"propertyName":"quick_link_status","propertyComments":"是否wifi快联","valueType":1,"propertyType":1,"maxValue":1,"minValue":0},"bluetooth_pairing_request_status":{"id":2575,"propertyName":"bluetooth_pairing_request_status","propertyComments":"蓝牙配对确认请求状态","valueType":1,"propertyType":1,"maxValue":1,"minValue":0},"hood_status":{"id":2576,"propertyName":"hood_status","propertyComments":"烟机是否打开","valueType":1,"propertyType":1,"maxValue":1,"minValue":0},"hood_linkage_enable_status":{"id":2577,"propertyName":"hood_linkage_enable_status","propertyComments":"功能配置：烟机联动使能状态","valueType":1,"propertyType":2,"maxValue":1,"minValue":0}},"id":547,"name":"C2.i灶具_通信和联动功能配置"},"board_version_date_year":{"omPropertiesList":{"board_version_year":{"id":2578,"propertyName":"board_version_year","propertyComments":"电源板版本号-年","valueType":1,"propertyType":1,"maxValue":99,"minValue":0}},"id":548,"name":"C2.i灶具_电源板版本号日期年"},"board_version_date_month":{"omPropertiesList":{"board_version_month":{"id":2579,"propertyName":"board_version_month","propertyComments":"电源板版本号-月","valueType":1,"propertyType":1,"maxValue":12,"minValue":1}},"id":549,"name":"C2.i灶具_电源板版本号日期月"},"board_version_date_day":{"omPropertiesList":{"board_version_day":{"id":2580,"propertyName":"board_version_day","propertyComments":"电源板版本号-日","valueType":1,"propertyType":1,"maxValue":31,"minValue":1}},"id":550,"name":"C2.i灶具_电源板版本号日期日"},"daily_usage_time_H":{"omPropertiesList":{"daily_usage_time_H":{"id":2581,"propertyName":"daily_usage_time_H","propertyComments":"每天累计烹饪时间分钟高位","valueType":1,"propertyType":1,"maxValue":5,"minValue":0}},"id":551,"name":"C2.i灶具_每天烹饪累计时间H"},"daily_usage_time_L":{"omPropertiesList":{"daily_usage_time_L":{"id":2582,"propertyName":"daily_usage_time_L","propertyComments":"每天累计烹饪时间分钟低位","valueType":1,"propertyType":1,"maxValue":255,"minValue":0}},"id":552,"name":"C2.i灶具_每天烹饪累计时间L"},"engineering_mode":{"omPropertiesList":{"engineering_mode_enable":{"id":2583,"propertyName":"engineering_mode_enable","propertyComments":"工程模式使能","valueType":1,"propertyType":1,"maxValue":1,"minValue":0}},"id":553,"name":"C2.i灶具_工作模式使能"},"board_OTA_flag":{"omPropertiesList":{"board_OTA_flag":{"id":2584,"propertyName":"board_OTA_flag","propertyComments":"电源板OTA升级标志位","valueType":1,"propertyType":1,"maxValue":1,"minValue":0}},"id":554,"name":"C2.i灶具_电源板OTA升级标志位"},"reserved1":{"omPropertiesList":{"reserverd1":{"id":2585,"propertyName":"reserverd1","propertyComments":"预留","valueType":0,"propertyType":0,"minValue":0}},"id":555,"name":"C2.i灶具_预留"},"reserved2":{"omPropertiesList":{"reserverd2":{"id":2586,"propertyName":"reserverd2","propertyComments":"预留","valueType":0,"propertyType":0,"minValue":0}},"id":556,"name":"C2.i灶具_预留"},"reserved3":{"omPropertiesList":{"reserverd3":{"id":2587,"propertyName":"reserverd3","propertyComments":"预留","valueType":0,"propertyType":0,"minValue":0}},"id":557,"name":"C2.i灶具_预留"},"reserved4":{"omPropertiesList":{"reserverd4":{"id":2588,"propertyName":"reserverd4","propertyComments":"预留","valueType":0,"propertyType":0,"minValue":0}},"id":558,"name":"C2.i灶具_预留"},"reserved5":{"omPropertiesList":{"reserverd5":{"id":2589,"propertyName":"reserverd5","propertyComments":"预留","valueType":0,"propertyType":0,"minValue":0}},"id":559,"name":"C2.i灶具_预留"},"reserved6":{"omPropertiesList":{"reserverd6":{"id":2590,"propertyName":"reserverd6","propertyComments":"预留","valueType":0,"propertyType":0,"minValue":0}},"id":560,"name":"C2.i灶具_预留"},"reserved7":{"omPropertiesList":{"reserverd7":{"id":2591,"propertyName":"reserverd7","propertyComments":"预留","valueType":0,"propertyType":0,"minValue":0}},"id":561,"name":"C2.i灶具_预留"},"reserved8":{"omPropertiesList":{"reserverd8":{"id":2592,"propertyName":"reserverd8","propertyComments":"预留","valueType":0,"propertyType":0,"minValue":0}},"id":562,"name":"C2.i灶具_预留"},"reserved9":{"omPropertiesList":{"reserverd9":{"id":2593,"propertyName":"reserverd9","propertyComments":"预留","valueType":0,"propertyType":0,"minValue":0}},"id":563,"name":"C2.i灶具_预留"},"reserved10":{"omPropertiesList":{"reserverd10":{"id":2594,"propertyName":"reserverd10","propertyComments":"预留","valueType":0,"propertyType":0,"minValue":0}},"id":564,"name":"C2.i灶具_预留"},"tft_power":{"omPropertiesList":{"tft_power":{"id":2595,"propertyName":"tft_power","propertyComments":"TFT屏幕电源","valueType":1,"propertyType":2,"maxValue":255,"minValue":0},"stove_power":{"id":2596,"propertyName":"stove_power","propertyComments":"开关灶具","valueType":1,"propertyType":2,"maxValue":255,"minValue":0}},"id":565,"name":"C2.i灶具_TFTPower"},"left_stove_switch":{"omPropertiesList":{"left_stove_closed":{"id":2597,"propertyName":"left_stove_closed","propertyComments":"左灶开关火控制是否关火","valueType":1,"propertyType":2,"maxValue":255,"minValue":0},"left_stove_light_fire":{"id":2598,"propertyName":"left_stove_light_fire","propertyComments":"左灶开关火控制有无点火命令","valueType":1,"propertyType":2,"maxValue":255,"minValue":0},"left_stove_work":{"id":2599,"propertyName":"left_stove_work","propertyComments":"左灶开关火控制是否工作","valueType":1,"propertyType":2,"maxValue":255,"minValue":0}},"id":566,"name":"C2.i灶具_左灶开关火控制"},"right_stove_switch":{"omPropertiesList":{"right_stove_closed":{"id":2600,"propertyName":"right_stove_closed","propertyComments":"右灶开关火控制是否关火","valueType":1,"propertyType":2,"maxValue":255,"minValue":0},"right_stove_light_fire":{"id":2601,"propertyName":"right_stove_light_fire","propertyComments":"右灶开关火控制有无点火命令","valueType":1,"propertyType":2,"maxValue":255,"minValue":0},"right_stove_work":{"id":2602,"propertyName":"right_stove_work","propertyComments":"右灶开关火控制是否工作","valueType":1,"propertyType":2,"maxValue":255,"minValue":0}},"id":567,"name":"C2.i灶具_右灶开关火控制"},"local_manipulation":{"omPropertiesList":{"local_action_type":{"id":2603,"propertyName":"local_action_type","propertyComments":"本地LED操作面板/蓝牙动作","valueType":1,"propertyType":2,"maxValue":1,"minValue":0},"has_button_action":{"id":2604,"propertyName":"has_button_action","propertyComments":"有无按键动作","valueType":1,"propertyType":2,"maxValue":1,"minValue":0},"engineering_mode_status":{"id":2605,"propertyName":"engineering_mode_status","propertyComments":"是否处于工程模式","valueType":1,"propertyType":2,"maxValue":1,"minValue":0},"factory_test_mode_status":{"id":2606,"propertyName":"factory_test_mode_status","propertyComments":"是否处于厂测模式","valueType":1,"propertyType":2,"maxValue":1,"minValue":0},"configuration_status":{"id":2607,"propertyName":"configuration_status","propertyComments":"蓝牙和wifi配置状态","valueType":1,"propertyType":2,"maxValue":1,"minValue":0},"allow_factory_configuration":{"id":2608,"propertyName":"allow_factory_configuration","propertyComments":"是否允许工厂配置","valueType":1,"propertyType":2,"maxValue":1,"minValue":0},"second_regulation_mode_status":{"id":2609,"propertyName":"second_regulation_mode_status","propertyComments":"二次压调节模式状态","valueType":1,"propertyType":2,"maxValue":1,"minValue":0}},"id":568,"name":"C2.i灶具_本地操控动作"},"communication_commands":{"omPropertiesList":{"bluetooth_and_WIFI_configuration_commands":{"id":2610,"propertyName":"bluetooth_and_WIFI_configuration_commands","propertyComments":"蓝牙和WIFI配置命令","valueType":1,"propertyType":2,"maxValue":255,"minValue":0}},"id":569,"name":"C2.i灶具_蓝牙和WIFI配置命令"},"valve_flow_preset":{"omPropertiesList":{"valve_flow_preset":{"id":2619,"propertyName":"valve_flow_preset","propertyComments":"气阀流量预置","valueType":1,"propertyType":2,"maxValue":255,"minValue":0}},"id":570,"name":"C2.i灶具_气阀流量预置(预置对象)"},"valve_flow_preset_value":{"omPropertiesList":{"valve_flow_preset_value":{"id":2620,"propertyName":"valve_flow_preset_value","propertyComments":"比例阀PWM值","valueType":1,"propertyType":2,"maxValue":255,"minValue":0}},"id":571,"name":"C2.i灶具_气阀流量预置(预置对象对应的预置值)"},"left_stove_timing_hour_setting":{"omPropertiesList":{"left_stove_timing_hour":{"id":2621,"propertyName":"left_stove_timing_hour","propertyComments":"左灶定时小时（预留）","valueType":1,"propertyType":2,"maxValue":4,"minValue":0}},"id":572,"name":"C2.i灶具_左灶定时小时设定值（预留）"},"left_stove_timing_minute_setting":{"omPropertiesList":{"left_stove_timing_minute":{"id":2622,"propertyName":"left_stove_timing_minute","propertyComments":"左灶定时分钟","valueType":1,"propertyType":2,"maxValue":99,"minValue":0}},"id":573,"name":"C2.i灶具_左灶定时分钟设定值"},"left_stove_timing_second_setting":{"omPropertiesList":{"left_stove_timing_second":{"id":2623,"propertyName":"left_stove_timing_second","propertyComments":"左灶定时秒（预留）","valueType":1,"propertyType":2,"maxValue":59,"minValue":0}},"id":574,"name":"C2.i灶具_左灶定时秒设定值（预留）"},"right_stove_timing_hour_setting":{"omPropertiesList":{"right_stove_timing_hour":{"id":2624,"propertyName":"right_stove_timing_hour","propertyComments":"右灶定时小时（预留）","valueType":1,"propertyType":2,"maxValue":4,"minValue":0}},"id":575,"name":"C2.i灶具_右灶定时小时设定值（预留）"},"right_stove_timing_minute_setting":{"omPropertiesList":{"righ_stove_timing_minute":{"id":2625,"propertyName":"righ_stove_timing_minute","propertyComments":"右灶定时分钟","valueType":1,"propertyType":2,"maxValue":99,"minValue":0}},"id":576,"name":"C2.i灶具_右灶定时分钟设定值"},"right_stove_timing_second_setting":{"omPropertiesList":{"righ_stove_timing_second":{"id":2626,"propertyName":"righ_stove_timing_second","propertyComments":"右灶定时秒（预留）","valueType":1,"propertyType":2,"maxValue":59,"minValue":0}},"id":577,"name":"C2.i灶具_右灶定时秒设定值（预留）"}},"id":"1607d4b3bbb004381607d4b3bbb06c01","name":"C2.i灶具","description":"C2.i灶具"}