{"omPartsList":{"power":{"omPropertiesList":{"power":{"id":2001,"propertyName":"power","propertyComments":"0/1/2；关机/待机/开机；","valueType":1,"propertyType":2,"maxValue":2,"minValue":0}},"id":301,"name":"C2.i油烟机_关机开机"},"light":{"omPropertiesList":{"light":{"id":2002,"propertyName":"light","propertyComments":"照明灯状态；0关/1开","valueType":1,"propertyType":2,"maxValue":1,"minValue":0}},"id":302,"name":"C2.i油烟机_照明灯"},"mode":{"omPropertiesList":{"mode":{"id":2003,"propertyName":"mode","propertyComments":"工作模式；\n0x00:空闲（默认）    \n0x01:手动模式       \n0x02:自动巡航模式    \n0x03:空气管家模式\n","valueType":1,"propertyType":2,"maxValue":3,"minValue":0}},"id":303,"name":"C2.i油烟机_工作模式"},"motor_grade":{"omPropertiesList":{"motor_grade":{"id":2004,"propertyName":"motor_grade","propertyComments":"电机挡数；交流/直流挡数不同；","valueType":1,"propertyType":2,"maxValue":9,"minValue":0}},"id":304,"name":"C2.i油烟机_电机档数"},"motor_number":{"omPropertiesList":{"motor_number":{"id":2005,"propertyName":"motor_number","propertyComments":"电机数量；左右或其他部位 1-2个","valueType":1,"propertyType":1,"maxValue":2,"minValue":1}},"id":305,"name":"C2.i油烟机_电机数量"},"motor_type":{"omPropertiesList":{"motor_type":{"id":2006,"propertyName":"motor_type","propertyComments":"电机类型；0交流/1直流","valueType":1,"propertyType":1,"maxValue":1,"minValue":0}},"id":306,"name":"C2.i油烟机_电机类型"},"motor_speed":{"omPropertiesList":{"motor_speed":{"id":2007,"propertyName":"motor_speed","propertyComments":"电机转速；代表转速，转速数除以10，400-1850","valueType":1,"propertyType":2,"maxValue":1850,"minValue":400}},"id":307,"name":"C2.i油烟机_电机转速"},"loading_conditions":{"omPropertiesList":{"loading_conditions":{"id":2008,"propertyName":"loading_conditions","propertyComments":"负载状况；适用于维护保养，报警值，具体值待定","valueType":1,"propertyType":1,"maxValue":255,"minValue":0}},"id":308,"name":"C2.i油烟机_负载状况"},"reserved":{"omPropertiesList":{"reserved":{"id":2009,"propertyName":"reserved","propertyComments":"预留","valueType":1,"propertyType":1}},"id":309,"name":"C2.i油烟机_预留"},"airquality_sensor":{"omPropertiesList":{"airquality_sensor":{"id":2010,"propertyName":"airquality_sensor","propertyComments":"是否开启0/关闭1","valueType":1,"propertyType":2,"maxValue":1,"minValue":0}},"id":310,"name":"C2.i油烟机_空气质量传感器"},"air_quality":{"omPropertiesList":{"air_quality":{"id":2011,"propertyName":"air_quality","propertyComments":"空气质量传感器空气质量；代表空气质量级别：0优/1良/2较差/3很差，针对PM2.5","valueType":1,"propertyType":1,"maxValue":3,"minValue":0}},"id":311,"name":"C2.i油烟机_空气质量传感器空气质量"},"airquality_sensor_status":{"omPropertiesList":{"airquality_sensor_status":{"id":2012,"propertyName":"airquality_sensor_status","propertyComments":"空气质量传感器自身状态；关闭/预热/运行中/换气完成/自检中/自检完成；0/1/2/3/4/5","valueType":1,"propertyType":1,"maxValue":5,"minValue":0}},"id":312,"name":"C2.i油烟机_空气质量传感器自身状态"},"cookingsound_sensor":{"omPropertiesList":{"cookingsound_sensor":{"id":2013,"propertyName":"cookingsound_sensor","propertyComments":"烹饪声音传感器；0：无烹饪声音  1：有","valueType":1,"propertyType":2,"maxValue":1,"minValue":0}},"id":313,"name":"C2.i油烟机_烹饪声音传感器"},"gas_sensor":{"omPropertiesList":{"gas_sensor":{"id":2014,"propertyName":"gas_sensor","propertyComments":"气敏传感器；主要针对煤气，一氧化碳等（保留）","valueType":1,"propertyType":2,"maxValue":255,"minValue":0}},"id":314,"name":"C2.i油烟机_气敏传感器"},"temperature_sensor":{"omPropertiesList":{"temperature_sensor":{"id":2015,"propertyName":"temperature_sensor","propertyComments":"温度传感器；油烟机下方的灶台温度（保留）","valueType":1,"propertyType":2,"maxValue":255,"minValue":0}},"id":315,"name":"C2.i油烟机_温度传感器"},"lampblack_concentration_sensor":{"omPropertiesList":{"lampblack_concentration_sensor":{"id":2016,"propertyName":"lampblack_concentration_sensor","propertyComments":"油烟浓度传感器；测试油烟浓度级别（保留）","valueType":1,"propertyType":2,"maxValue":255,"minValue":0}},"id":316,"name":"C2.i油烟机_油烟浓度传感器"},"oil_amount_sensor":{"omPropertiesList":{"oil_amount_sensor":{"id":2017,"propertyName":"oil_amount_sensor","propertyComments":"接油盒油量传感器；是否报警提示用户清理储油盒（保留）","valueType":1,"propertyType":2,"maxValue":255,"minValue":0}},"id":317,"name":"C2.i油烟机_接油盒油量传感器"},"malfunction_number":{"omPropertiesList":{"malfunction_number":{"id":2018,"propertyName":"malfunction_number","propertyComments":"油烟机故障号；具体故障编码，见附件《Z1.I油烟机消毒柜故障类型说明》","valueType":1,"propertyType":1,"maxValue":255,"minValue":0}},"id":318,"name":"C2.i油烟机_油烟机故障号"},"ota_upgrade":{"omPropertiesList":{"ota_upgrade":{"id":2019,"propertyName":"ota_upgrade","propertyComments":"OTA(远程升级)；是否支持，0：不支持； 1：支持","valueType":1,"propertyType":1,"maxValue":1,"minValue":0}},"id":319,"name":"C2.i油烟机_OTA远程升级"},"selfcleaning_status":{"omPropertiesList":{"selfcleaning_status":{"id":2020,"propertyName":"selfcleaning_status","propertyComments":"自清洗功能状态；工作状态（保留）","valueType":1,"propertyType":1,"maxValue":1,"minValue":0}},"id":320,"name":"C2.i油烟机_自清洗功能状态"},"selfcleaning_operations":{"omPropertiesList":{"selfcleaning_operations":{"id":2021,"propertyName":"selfcleaning_operations","propertyComments":"自清洗功能操作；0：不支持； 1：支持","valueType":1,"propertyType":2,"maxValue":1,"minValue":0}},"id":321,"name":"C2.i油烟机_自清洗功能操作"},"audio_output_type":{"omPropertiesList":{"audio_output_type":{"id":2022,"propertyName":"audio_output_type","propertyComments":"音频输出类型；0蜂鸣器，1喇叭","valueType":1,"propertyType":1,"maxValue":1,"minValue":0}},"id":322,"name":"C2.i油烟机_音频输出类型"},"auto_mechanism":{"omPropertiesList":{"auto_mechanism":{"id":2023,"propertyName":"auto_mechanism","propertyComments":"自动机构状态；自动机构0关/1开","valueType":1,"propertyType":2,"maxValue":1,"minValue":0}},"id":323,"name":"C2.i油烟机_自动机构"},"anion":{"omPropertiesList":{"anion":{"id":2024,"propertyName":"anion","propertyComments":"负离子；1开/0关","valueType":1,"propertyType":2,"maxValue":1,"minValue":0}},"id":324,"name":"C2.i油烟机_负离子"},"extended_shutdown_time":{"omPropertiesList":{"extended_shutdown_time":{"id":2025,"propertyName":"extended_shutdown_time","propertyComments":"烟机延时关机；烟机设定时间延迟关机，暂定2分钟","valueType":1,"propertyType":2,"maxValue":255,"minValue":0}},"id":325,"name":"C2.i油烟机_设定延时关机时间"},"remind_time":{"omPropertiesList":{"remind_time":{"id":2026,"propertyName":"remind_time","propertyComments":"定时提醒时间；单位：分钟","valueType":1,"propertyType":2,"maxValue":255,"minValue":0}},"id":326,"name":"C2.i油烟机_设置定时提醒时间"},"flue_resistance_sign":{"omPropertiesList":{"flue_resistance_sign":{"id":2027,"propertyName":"flue_resistance_sign","propertyComments":"烟道阻力大标志；\n0：未检测到烟道阻力大\n1：检测到烟道阻力大\n","valueType":1,"propertyType":1,"maxValue":1,"minValue":0}},"id":327,"name":"C2.i油烟机_烟道阻力大标志"},"lampblack_concentration_sign":{"omPropertiesList":{"lampblack_concentration_sign":{"id":2028,"propertyName":"lampblack_concentration_sign","propertyComments":"油烟浓度大标志；\n0：未检测到油烟浓度大\n1：检测到油烟浓度大\n","valueType":1,"propertyType":1,"maxValue":1,"minValue":0}},"id":328,"name":"C2.i油烟机_油烟浓度大标志"},"devices_linkage_status":{"omPropertiesList":{"devices_linkage_status_yanzao":{"id":2029,"propertyName":"devices_linkage_status_yanzao","propertyComments":"设备联动状态位；Bit 0：0-烟灶未联动，1-烟灶联动中","valueType":1,"propertyType":2,"maxValue":1,"minValue":0},"devices_linkage_status_yanda":{"id":2030,"propertyName":"devices_linkage_status_yanda","propertyComments":"设备联动状态位；Bit 1：0-烟大厨管家未联动，1-烟大厨管家联动中","valueType":1,"propertyType":2,"maxValue":1,"minValue":0},"devices_linkage_status_yanzheng":{"id":2031,"propertyName":"devices_linkage_status_yanzheng","propertyComments":"设备联动状态位；Bit 2：0-烟蒸未联动，1-烟蒸联动中","valueType":1,"propertyType":2,"maxValue":1,"minValue":0},"devices_linkage_status_yankao":{"id":2032,"propertyName":"devices_linkage_status_yankao","propertyComments":"设备联动状态位；Bit 3：0-烟烤未联动，1-烟烤联动中","valueType":1,"propertyType":2,"maxValue":1,"minValue":0},"devices_linkage_status_yanwei":{"id":2033,"propertyName":"devices_linkage_status_yanwei","propertyComments":"设备联动状态位；Bit 4：0-烟蒸微未联动，1-烟蒸微联动中","valueType":1,"propertyType":2,"maxValue":1,"minValue":0}},"id":329,"name":"C2.i油烟机_设备联动状态位"},"air_steward_interrupted":{"omPropertiesList":{"air_steward_interrupted":{"id":2034,"propertyName":"air_steward_interrupted","propertyComments":"空气管家被中断标志位；\n0：正常运行\n1：被设备联动中断\n","valueType":1,"propertyType":1,"maxValue":1,"minValue":0}},"id":330,"name":"C2.i油烟机_空气管家被中断标志位"},"ambient_lighting":{"omPropertiesList":{"ambient_lighting":{"id":2035,"propertyName":"ambient_lighting","propertyComments":"氛围灯开关；1开/0关","valueType":1,"propertyType":2,"maxValue":1,"minValue":0}},"id":331,"name":"C2.i油烟机_氛围灯开关"},"ambient_lighting_R":{"omPropertiesList":{"ambient_lighting_R":{"id":2036,"propertyName":"ambient_lighting_R","propertyComments":"氛围灯R的PWM值","valueType":1,"propertyType":1,"maxValue":255,"minValue":0}},"id":332,"name":"C2.i油烟机_氛围灯R的PWM值"},"ambient_lighting_G":{"omPropertiesList":{"ambient_lighting_G":{"id":2037,"propertyName":"ambient_lighting_G","propertyComments":"氛围灯G的PWM值","valueType":1,"propertyType":1,"maxValue":255,"minValue":0}},"id":333,"name":"C2.i油烟机_氛围灯G的PWM值"},"ambient_lighting_B":{"omPropertiesList":{"ambient_lighting_B":{"id":2038,"propertyName":"ambient_lighting_B","propertyComments":"氛围灯B的PWM值","valueType":1,"propertyType":1,"maxValue":255,"minValue":0}},"id":334,"name":"C2.i油烟机_氛围灯B的PWM值"},"smart_recipe_status":{"omPropertiesList":{"smart_recipe_status":{"id":2039,"propertyName":"smart_recipe_status","propertyComments":"智能菜谱状态标志位；\n0：没有智能菜谱播放或录制\n1：智能菜谱播放中\n2：智能菜谱录制中\n","valueType":1,"propertyType":1,"maxValue":2,"minValue":0}},"id":335,"name":"C2.i油烟机_智能菜谱状态标志位"},"power_panel_otaupgrade":{"omPropertiesList":{"power_panel_otaupgrade":{"id":2040,"propertyName":"power_panel_otaupgrade","propertyComments":"电源板OTA升级标志位；\n0：电源板不在OTA状态\n1：电源板OTA升级中\n","valueType":1,"propertyType":1,"maxValue":1,"minValue":0}},"id":336,"name":"C2.i油烟机_电源板OTA升级标志位"},"timer_finished":{"omPropertiesList":{"timer_finished":{"id":2041,"propertyName":"timer_finished","propertyComments":"定时完成标记；\n0：无\n1：定时完成\n","valueType":1,"propertyType":1,"maxValue":1,"minValue":0}},"id":337,"name":"C2.i油烟机_定时完成标记"},"runtime":{"omPropertiesList":{"runtime":{"id":2042,"propertyName":"runtime","propertyComments":"油烟机运行时间；小时","valueType":1,"propertyType":1,"maxValue":65535,"minValue":0}},"id":338,"name":"C2.i油烟机_油烟机运行时间"},"longrange_control":{"omPropertiesList":{"longrange_control":{"id":2043,"propertyName":"longrange_control","propertyComments":"远程控制开关；0：关闭 1：打开 默认打开","valueType":1,"propertyType":1,"maxValue":1,"minValue":0}},"id":339,"name":"C2.i油烟机_远程控制开关"},"buzzer":{"omPropertiesList":{"buzzer":{"id":2044,"propertyName":"buzzer","propertyComments":"蜂鸣器；是否开启/关闭","valueType":1,"propertyType":2,"maxValue":1,"minValue":0}},"id":340,"name":"C2.i油烟机_蜂鸣器"},"reserved_1":{"omPropertiesList":{"reserved_1":{"id":2045,"propertyName":"reserved_1","propertyComments":"预留","valueType":1,"propertyType":2}},"id":341,"name":"C2.i油烟机_预留1"},"reserved_2":{"omPropertiesList":{"reserved_2":{"id":2046,"propertyName":"reserved_2","propertyComments":"预留","valueType":1,"propertyType":2}},"id":342,"name":"C2.i油烟机_预留2"},"reserved_3":{"omPropertiesList":{"reserved_3":{"id":2047,"propertyName":"reserved_3","propertyComments":"预留","valueType":1,"propertyType":2}},"id":343,"name":"C2.i油烟机_预留3"},"reserved_4":{"omPropertiesList":{"reserved_4":{"id":2048,"propertyName":"reserved_4","propertyComments":"预留","valueType":1,"propertyType":2}},"id":344,"name":"C2.i油烟机_预留4"},"reserved_5":{"omPropertiesList":{"reserved_5":{"id":2049,"propertyName":"reserved_5","propertyComments":"预留","valueType":1,"propertyType":2}},"id":345,"name":"C2.i油烟机_预留5"},"reserved_6":{"omPropertiesList":{"reserved_6":{"id":2050,"propertyName":"reserved_6","propertyComments":"预留","valueType":1,"propertyType":2}},"id":346,"name":"C2.i油烟机_预留6"},"reserved_7":{"omPropertiesList":{"reserved_7":{"id":2051,"propertyName":"reserved_7","propertyComments":"预留","valueType":1,"propertyType":2}},"id":347,"name":"C2.i油烟机_预留7"},"reserved_8":{"omPropertiesList":{"reserved_8":{"id":2052,"propertyName":"reserved_8","propertyComments":"预留","valueType":1,"propertyType":2}},"id":348,"name":"C2.i油烟机_预留8"},"reserved_9":{"omPropertiesList":{"reserved_9":{"id":2053,"propertyName":"reserved_9","propertyComments":"预留","valueType":1,"propertyType":2}},"id":349,"name":"C2.i油烟机_预留9"}},"id":"1607d6b3101904381607d6b31019fc01","name":"C2.i油烟机","description":"C2.i油烟机"}