{"omPartsList":{"power":{"omPropertiesList":{"power":{"id":4001,"propertyName":"power","propertyComments":"热水器开关机状态","valueType":1,"propertyType":2,"maxValue":1,"minValue":0}},"id":801,"name":"C2.i热水器_开关机状态"},"setted_temperature":{"omPropertiesList":{"setted_temperature":{"id":4002,"propertyName":"setted_temperature","propertyComments":"设定的温度值","valueType":1,"propertyType":2,"maxValue":255,"minValue":0}},"id":802,"name":"C2.i热水器_设定温度"},"water_temperature":{"omPropertiesList":{"water_temperature":{"id":4003,"propertyName":"water_temperature","propertyComments":"出水的温度值","valueType":1,"propertyType":1,"maxValue":255,"minValue":0}},"id":803,"name":"C2.i热水器_出水温度"},"burning_flame_state":{"omPropertiesList":{"flame":{"id":4004,"propertyName":"flame","propertyComments":"火焰状态","valueType":1,"propertyType":1,"maxValue":255,"minValue":0}},"id":804,"name":"C2.i热水器_燃烧火焰状态"},"CO/CH4_state":{"omPropertiesList":{"CO_CH4_state":{"id":4005,"propertyName":"CO_CH4_state","propertyComments":"CO/CH4状态","valueType":1,"propertyType":1,"maxValue":255,"minValue":0}},"id":805,"name":"C2.i热水器_CO/CH4状态"},"total_burning_time_H":{"omPropertiesList":{"total_burning_time_h":{"id":4006,"propertyName":"total_burning_time_h","propertyComments":"总的燃烧时间高8位","valueType":1,"propertyType":1,"maxValue":255,"minValue":0}},"id":806,"name":"C2.i热水器_总的燃烧时间高8位"},"total_burning_time_L":{"omPropertiesList":{"total_burning_time_l":{"id":4007,"propertyName":"total_burning_time_l","propertyComments":"总的燃烧时间低8位","valueType":1,"propertyType":1,"maxValue":255,"minValue":0}},"id":807,"name":"C2.i热水器_总的燃烧时间低8位"},"fifty_degrees_temperature_lock":{"omPropertiesList":{"temperature_lock_state":{"id":4008,"propertyName":"temperature_lock_state","propertyComments":"50℃温度锁状态","valueType":1,"propertyType":2,"maxValue":255,"minValue":0}},"id":808,"name":"C2.i热水器_50℃温度锁状态"},"working_mode_state":{"omPropertiesList":{"work_mode_state":{"id":4009,"propertyName":"work_mode_state","propertyComments":"工作模式状态","valueType":1,"propertyType":1,"maxValue":255,"minValue":0}},"id":809,"name":"C2.i热水器_工作模式状态"},"fault_state":{"omPropertiesList":{"error_code":{"id":4010,"propertyName":"error_code","propertyComments":"故障状态","valueType":1,"propertyType":1,"maxValue":255,"minValue":0}},"id":810,"name":"C2.i热水器_故障状态"},"circulating_pump_state":{"omPropertiesList":{"single_preheating_state":{"id":4011,"propertyName":"single_preheating_state","propertyComments":"热水器是否处于单次预热状态","valueType":1,"propertyType":1,"maxValue":1,"minValue":0},"schedule_heating_state":{"id":4012,"propertyName":"schedule_heating_state","propertyComments":"热水器是否处于预约加热状态","valueType":1,"propertyType":1,"maxValue":1,"minValue":0},"whole_day_preheating_state":{"id":4013,"propertyName":"whole_day_preheating_state","propertyComments":"热水器是否处于全天预热状态","valueType":1,"propertyType":1,"maxValue":1,"minValue":0},"pump_in_appointment_time":{"id":4014,"propertyName":"pump_in_appointment_time","propertyComments":"水泵是否在预约时间内","valueType":1,"propertyType":1,"maxValue":1,"minValue":0},"pump_is_running":{"id":4015,"propertyName":"pump_is_running","propertyComments":"水泵是否在运行状态","valueType":1,"propertyType":1,"maxValue":1,"minValue":0},"pump_failure":{"id":4016,"propertyName":"pump_failure","propertyComments":"水泵是否在故障状态","valueType":1,"propertyType":1,"maxValue":1,"minValue":0},"pump_reserved1":{"id":4017,"propertyName":"pump_reserved1","propertyComments":"热水器水泵预留位","valueType":1,"propertyType":0},"pump_reserved2":{"id":4018,"propertyName":"pump_reserved2","propertyComments":"热水器水泵预留位","valueType":1,"propertyType":0}},"id":811,"name":"C2.i热水器_循环泵状态"},"timed_period1":{"omPropertiesList":{"zero_to_half_past_zero_timing":{"id":4019,"propertyName":"zero_to_half_past_zero_timing","propertyComments":"00:00-00:30时间段是否被定时","valueType":1,"propertyType":2,"maxValue":1,"minValue":0},"half_past_zero_to_one_timing":{"id":4020,"propertyName":"half_past_zero_to_one_timing","propertyComments":"00:30-01:00时间段是否被定时","valueType":1,"propertyType":2,"maxValue":1,"minValue":0},"one_to_half_past_one_timing":{"id":4021,"propertyName":"one_to_half_past_one_timing","propertyComments":"01:00-01:30时间段是否被定时","valueType":1,"propertyType":2,"maxValue":1,"minValue":0},"half_past_one_to_two_timing":{"id":4022,"propertyName":"half_past_one_to_two_timing","propertyComments":"01:30-02:00时间段是否被定时","valueType":1,"propertyType":2,"maxValue":1,"minValue":65},"two_to_half_past_two_timing":{"id":4023,"propertyName":"two_to_half_past_two_timing","propertyComments":"02:00-02:30时间段是否被定时","valueType":1,"propertyType":2,"maxValue":1,"minValue":0},"half_past_two_to_three_timing":{"id":4024,"propertyName":"half_past_two_to_three_timing","propertyComments":"02:30-03:00时间段是否被定时","valueType":1,"propertyType":2,"maxValue":1,"minValue":0},"three_to_half_past_three_timing":{"id":4025,"propertyName":"three_to_half_past_three_timing","propertyComments":"03:00-03:30时间段是否被定时","valueType":1,"propertyType":2,"maxValue":1,"minValue":0},"half_past_three_to_four_timing":{"id":4026,"propertyName":"half_past_three_to_four_timing","propertyComments":"03:30-04:00时间段是否被定时","valueType":1,"propertyType":2,"maxValue":1,"minValue":0}},"id":812,"name":"C2.i热水器_定时时间段1"},"timed_period2":{"omPropertiesList":{"four_to_half_past_four_timing":{"id":4027,"propertyName":"four_to_half_past_four_timing","propertyComments":"04:00-04:30时间段是否被定时","valueType":1,"propertyType":2,"maxValue":1,"minValue":0},"half_past_four_to_five_timing":{"id":4028,"propertyName":"half_past_four_to_five_timing","propertyComments":"04:30-05:00时间段是否被定时","valueType":1,"propertyType":2,"maxValue":1,"minValue":0},"five_to_half_past_five_timing":{"id":4029,"propertyName":"five_to_half_past_five_timing","propertyComments":"05:00-05:30时间段是否被定时","valueType":1,"propertyType":2,"maxValue":1,"minValue":0},"half_past_five_to_six_timing":{"id":4030,"propertyName":"half_past_five_to_six_timing","propertyComments":"05:30-06:00时间段是否被定时","valueType":1,"propertyType":2,"maxValue":1,"minValue":0},"six_to_half_past_six_timing":{"id":4031,"propertyName":"six_to_half_past_six_timing","propertyComments":"06:00-06:30时间段是否被定时","valueType":1,"propertyType":2,"maxValue":1,"minValue":0},"half_past_six_to_seven_timing":{"id":4032,"propertyName":"half_past_six_to_seven_timing","propertyComments":"06:30-07:00时间段是否被定时","valueType":1,"propertyType":2,"maxValue":1,"minValue":0},"seven_to_half_past_seven_timing":{"id":4033,"propertyName":"seven_to_half_past_seven_timing","propertyComments":"07:00-07:30时间段是否被定时","valueType":1,"propertyType":2,"maxValue":1,"minValue":0},"half_past_seven_to_eight_timing":{"id":4034,"propertyName":"half_past_seven_to_eight_timing","propertyComments":"07:30-08:00时间段是否被定时","valueType":1,"propertyType":2,"maxValue":1,"minValue":0}},"id":813,"name":"C2.i热水器_定时时间段2"},"timed_period3":{"omPropertiesList":{"eight_to_half_past_eight_timing":{"id":4035,"propertyName":"eight_to_half_past_eight_timing","propertyComments":"08:00-08:30时间段是否被定时","valueType":1,"propertyType":2,"maxValue":1,"minValue":0},"half_past_eight_to_nine_timing":{"id":4036,"propertyName":"half_past_eight_to_nine_timing","propertyComments":"08:30-09:00时间段是否被定时","valueType":1,"propertyType":2,"maxValue":1,"minValue":0},"nine_to_half_past_nine_timing":{"id":4037,"propertyName":"nine_to_half_past_nine_timing","propertyComments":"09:00-09:30时间段是否被定时","valueType":1,"propertyType":2,"maxValue":1,"minValue":0},"half_past_nine_to_ten_timing":{"id":4038,"propertyName":"half_past_nine_to_ten_timing","propertyComments":"09:30-10:00时间段是否被定时","valueType":1,"propertyType":2,"maxValue":1,"minValue":0},"ten_to_half_past_ten_timing":{"id":4039,"propertyName":"ten_to_half_past_ten_timing","propertyComments":"10:00-10:30时间段是否被定时","valueType":1,"propertyType":2,"maxValue":1,"minValue":0},"half_past_ten_to_eleven_timing":{"id":4040,"propertyName":"half_past_ten_to_eleven_timing","propertyComments":"10:30-11:00时间段是否被定时","valueType":1,"propertyType":2,"maxValue":1,"minValue":0},"eleven_to_half_past_eleven_timing":{"id":4041,"propertyName":"eleven_to_half_past_eleven_timing","propertyComments":"11:00-11:30时间段是否被定时","valueType":1,"propertyType":2,"maxValue":1,"minValue":0},"half_past_eleven_to_twelve_timing":{"id":4042,"propertyName":"half_past_eleven_to_twelve_timing","propertyComments":"11:30-12:00时间段是否被定时","valueType":1,"propertyType":2,"maxValue":1,"minValue":0}},"id":814,"name":"C2.i热水器_定时时间段3"},"timed_period4":{"omPropertiesList":{"twelve_to_half_past_twelve_timing":{"id":4043,"propertyName":"twelve_to_half_past_twelve_timing","propertyComments":"12:00-12:30时间段是否被定时","valueType":1,"propertyType":2,"maxValue":1,"minValue":0},"half_past_twelve_to_thirteen_timing":{"id":4044,"propertyName":"half_past_twelve_to_thirteen_timing","propertyComments":"12:30-13:00时间段是否被定时","valueType":1,"propertyType":2,"maxValue":1,"minValue":0},"thirteen_to_half_past_thirteen_timing":{"id":4045,"propertyName":"thirteen_to_half_past_thirteen_timing","propertyComments":"13:00-13:30时间段是否被定时","valueType":1,"propertyType":2,"maxValue":1,"minValue":0},"half_past_thirteen_to_fourteen_timing":{"id":4046,"propertyName":"half_past_thirteen_to_fourteen_timing","propertyComments":"13:30-14:00时间段是否被定时","valueType":1,"propertyType":2,"maxValue":1,"minValue":0},"fourteen_to_half_past_fourteen_timing":{"id":4047,"propertyName":"fourteen_to_half_past_fourteen_timing","propertyComments":"14:00-14:30时间段是否被定时","valueType":1,"propertyType":2,"maxValue":1,"minValue":0},"half_past_fourteen_to_fifteen_timing":{"id":4048,"propertyName":"half_past_fourteen_to_fifteen_timing","propertyComments":"14:30-15:00时间段是否被定时","valueType":1,"propertyType":2,"maxValue":1,"minValue":0},"fifteen_to_half_past_fifteen_timing":{"id":4049,"propertyName":"fifteen_to_half_past_fifteen_timing","propertyComments":"15:00-15:30时间段是否被定时","valueType":1,"propertyType":2,"maxValue":1,"minValue":0},"half_past_fifteen_to_sixteen_timing":{"id":4050,"propertyName":"half_past_fifteen_to_sixteen_timing","propertyComments":"15:30-16:00时间段是否被定时","valueType":1,"propertyType":2,"maxValue":1,"minValue":0}},"id":815,"name":"C2.i热水器_定时时间段4"},"timed_period5":{"omPropertiesList":{"sixteen_to_half_past_sixteen_timing":{"id":4051,"propertyName":"sixteen_to_half_past_sixteen_timing","propertyComments":"16:00-16:30时间段是否被定时","valueType":1,"propertyType":2,"maxValue":1,"minValue":0},"half_past_sixteen_to_seventeen_timing":{"id":4052,"propertyName":"half_past_sixteen_to_seventeen_timing","propertyComments":"16:30-17:00时间段是否被定时","valueType":1,"propertyType":2,"maxValue":1,"minValue":0},"seventeen_to_half_past_seventeen_timing":{"id":4053,"propertyName":"seventeen_to_half_past_seventeen_timing","propertyComments":"17:00-17:30时间段是否被定时","valueType":1,"propertyType":2,"maxValue":1,"minValue":0},"half_past_seventeen_to_eighteen_timing":{"id":4054,"propertyName":"half_past_seventeen_to_eighteen_timing","propertyComments":"17:30-18:00时间段是否被定时","valueType":1,"propertyType":2,"maxValue":1,"minValue":0},"eighteen_to_half_past_eighteen_timing":{"id":4055,"propertyName":"eighteen_to_half_past_eighteen_timing","propertyComments":"18:00-18:30时间段是否被定时","valueType":1,"propertyType":2,"maxValue":1,"minValue":0},"half_past_eighteen_to_nineteen_timing":{"id":4056,"propertyName":"half_past_eighteen_to_nineteen_timing","propertyComments":"18:30-19:00时间段是否被定时","valueType":1,"propertyType":2,"maxValue":1,"minValue":0},"nineteen_to_half_past_nineteen_timing":{"id":4057,"propertyName":"nineteen_to_half_past_nineteen_timing","propertyComments":"19:00-19:30时间段是否被定时","valueType":1,"propertyType":2,"maxValue":1,"minValue":0},"half_past_nineteen_to_twenty_timing":{"id":4058,"propertyName":"half_past_nineteen_to_twenty_timing","propertyComments":"19:30-20:00时间段是否被定时","valueType":1,"propertyType":2,"maxValue":1,"minValue":0}},"id":816,"name":"C2.i热水器_定时时间段5"},"timed_period6":{"omPropertiesList":{"twenty_to_half_past_twenty_timing":{"id":4059,"propertyName":"twenty_to_half_past_twenty_timing","propertyComments":"20:00-20:30时间段是否被定时","valueType":1,"propertyType":2,"maxValue":1,"minValue":0},"half_past_twenty_to_twentyone_timing":{"id":4060,"propertyName":"half_past_twenty_to_twentyone_timing","propertyComments":"20:30-21:00时间段是否被定时","valueType":1,"propertyType":2,"maxValue":1,"minValue":0},"twentyone_to_half_past_twentyone_timing":{"id":4061,"propertyName":"twentyone_to_half_past_twentyone_timing","propertyComments":"21:00-21:30时间段是否被定时","valueType":1,"propertyType":2,"maxValue":1,"minValue":0},"half_past_twentyone_to_twentytwo_timing":{"id":4062,"propertyName":"half_past_twentyone_to_twentytwo_timing","propertyComments":"21:30-22:00时间段是否被定时","valueType":1,"propertyType":2,"maxValue":1,"minValue":0},"twentytwo_to_half_past_twentytwo_timing":{"id":4063,"propertyName":"twentytwo_to_half_past_twentytwo_timing","propertyComments":"22:00-22:30时间段是否被定时","valueType":1,"propertyType":2,"maxValue":1,"minValue":0},"half_past_twentytwo_to_twentythree_timing":{"id":4064,"propertyName":"half_past_twentytwo_to_twentythree_timing","propertyComments":"22:30-23:00时间段是否被定时","valueType":1,"propertyType":2,"maxValue":1,"minValue":0},"twentythree_to_half_past_twentythree_timing":{"id":4065,"propertyName":"twentythree_to_half_past_twentythree_timing","propertyComments":"23:00-23:30时间段是否被定时","valueType":1,"propertyType":2,"maxValue":1,"minValue":0},"half_past_twentythree_to_twentyfour_timing":{"id":4066,"propertyName":"half_past_twentythree_to_twentyfour_timing","propertyComments":"23:30-24:00时间段是否被定时","valueType":1,"propertyType":2,"maxValue":1,"minValue":0}},"id":817,"name":"C2.i热水器_定时时间段6"},"wind_pressure_resistance":{"omPropertiesList":{"wind_pressure_is_running":{"id":4067,"propertyName":"wind_pressure_is_running","propertyComments":"抗风压是否在运行状态:Bit0:0-否；1-是","valueType":1,"propertyType":1,"maxValue":255,"minValue":0}},"id":818,"name":"C2.i热水器_抗风压状态"},"water_flow_info":{"omPropertiesList":{"water_flow":{"id":4068,"propertyName":"water_flow","propertyComments":"水流量（0.1L/min）","valueType":1,"propertyType":1,"maxValue":255,"minValue":0}},"id":819,"name":"C2.i热水器_水流量信息"},"gas_quantity_info_H":{"omPropertiesList":{"gas_volume_H":{"id":4069,"propertyName":"gas_volume_H","propertyComments":"燃气量信息高8位","valueType":1,"propertyType":1,"maxValue":255,"minValue":0}},"id":820,"name":"C2.i热水器_燃气量信息高8位"},"gas_quantity_info_L":{"omPropertiesList":{"gas_volume_L":{"id":4070,"propertyName":"gas_volume_L","propertyComments":"燃气量信息低8位","valueType":1,"propertyType":1,"maxValue":255,"minValue":0}},"id":821,"name":"C2.i热水器_燃气量信息低8位"},"reserved":{"omPropertiesList":{"reserved":{"id":4080,"propertyName":"reserved","propertyComments":"预留","valueType":0,"propertyType":0}},"id":831,"name":"C2.i热水器_预留"},"preheat":{"omPropertiesList":{"preheat_water":{"id":4081,"propertyName":"preheat_water","propertyComments":"预约加热","valueType":1,"propertyType":2,"maxValue":255,"minValue":0}},"id":832,"name":"C2.i热水器_预热"}},"id":"1d665fd46a36432faab3e42477ef7b09","name":"C2.i光影热水器","description":"C2.i光影热水器"}