{"omPartsList":{"status":{"omPropertiesList":{"status":{"id":4501,"propertyName":"status","propertyComments":"状态；0/1/2/3/4/5/6/7/8/9；关机状态/自检状态/激活状态/待机状态/出水状态/冲洗状态/第一级滤芯被选中状态/第二级滤芯被选中状态/第三级滤芯被选中状态/第四级滤芯被选中状态","valueType":1,"propertyType":1,"maxValue":9,"minValue":0}},"id":901,"name":"C2.i净水器_状态"},"lifetime_status":{"omPropertiesList":{"lifetime_status":{"id":4502,"propertyName":"lifetime_status","propertyComments":"故障和寿命到期状态；0/1/2/3/4/5/6；无任何故障和寿命到期情况/发生异常故障/UV寿命到期/滤芯1 CTO寿命到期/滤芯2 DNF1寿命到期/滤芯3 DNF2寿命到期/滤芯4 MUF寿命到期","valueType":1,"propertyType":1,"maxValue":6,"minValue":0}},"id":902,"name":"C2.i净水器_故障和寿命到期状态"},"TDS1_value":{"omPropertiesList":{"TDS1_value":{"id":4503,"propertyName":"TDS1_value","propertyComments":"TDS1值；0-1000PPM","valueType":1,"propertyType":1,"maxValue":1000,"minValue":0}},"id":903,"name":"C2.i净水器_TDS1值"},"TDS2_value":{"omPropertiesList":{"TDS2_value":{"id":4504,"propertyName":"TDS2_value","propertyComments":"0TDS2值；0-1000PPM","valueType":1,"propertyType":1,"maxValue":1000,"minValue":0}},"id":904,"name":"C2.i净水器_TDS2值"},"leak_detection":{"omPropertiesList":{"leak_detection":{"id":4505,"propertyName":"leak_detection","propertyComments":"漏水检测值；0/1；不漏水/漏水","valueType":1,"propertyType":1,"maxValue":1,"minValue":0}},"id":905,"name":"C2.i净水器_漏水检测值"},"clean_water_once_flow":{"omPropertiesList":{"clean_water_once_flow":{"id":4506,"propertyName":"clean_water_once_flow","propertyComments":"净水单次流量；0-5000ml","valueType":1,"propertyType":1,"maxValue":5000,"minValue":0}},"id":906,"name":"C2.i净水器_净水单次流量"},"waste_water_once_flow":{"omPropertiesList":{"waste_water_once_flow":{"id":4507,"propertyName":"waste_water_once_flow","propertyComments":"废水单次流量；0-5000ml","valueType":1,"propertyType":1,"maxValue":5000,"minValue":0}},"id":907,"name":"C2.i净水器_废水单次流量"},"organism_detection":{"omPropertiesList":{"organism_detection":{"id":4508,"propertyName":"organism_detection","propertyComments":"有机物检测值；0-50；0.0-5.0mg","valueType":1,"propertyType":1,"maxValue":50,"minValue":0}},"id":908,"name":"C2.i净水器_有机物检测值"},"shortage_water_detection":{"omPropertiesList":{"shortage_water_detection":{"id":4509,"propertyName":"shortage_water_detection","propertyComments":"缺水检测；0/1；不缺水/缺水 ","valueType":1,"propertyType":1,"maxValue":1,"minValue":0}},"id":909,"name":"C2.i净水器_缺水检测"},"filter_1CTO_lifetime":{"omPropertiesList":{"filter_1CTO_lifetime":{"id":4510,"propertyName":"filter_1CTO_lifetime","propertyComments":"滤芯1CTO寿命；0-100；0~100%","valueType":1,"propertyType":1,"maxValue":100,"minValue":0}},"id":910,"name":"C2.i净水器_滤芯1CTO寿命"},"filter_2DNF1_lifetime":{"omPropertiesList":{"filter_2DNF1_lifetime":{"id":4511,"propertyName":"filter_2DNF1_lifetime","propertyComments":"滤芯2DNF1寿命；0-100；0~100%","valueType":1,"propertyType":1,"maxValue":100,"minValue":0}},"id":911,"name":"C2.i净水器_滤芯2DNF1寿命"},"filter_3DNF2_lifetime":{"omPropertiesList":{"filter_3DNF2_lifetime":{"id":4512,"propertyName":"filter_3DNF2_lifetime","propertyComments":"滤芯3DNF2寿命；0-100；0~100%","valueType":1,"propertyType":1,"maxValue":100,"minValue":0}},"id":912,"name":"C2.i净水器_滤芯3DNF2寿命"},"filter_4MUF_lifetime":{"omPropertiesList":{"filter_4MUF_lifetime":{"id":4513,"propertyName":"filter_4MUF_lifetime","propertyComments":"滤芯4MUF寿命；0-100；0~100%","valueType":1,"propertyType":1,"maxValue":100,"minValue":0}},"id":913,"name":"C2.i净水器_滤芯4MUF寿命"},"filter_1CTO_replacetime":{"omPropertiesList":{"filter_1CTO_replacetime":{"id":4514,"propertyName":"filter_1CTO_replacetime","propertyComments":"滤芯1CTO更换次数；0-255；0~255次","valueType":1,"propertyType":1,"maxValue":255,"minValue":0}},"id":914,"name":"C2.i净水器_滤芯1CTO更换次数"},"filter_2DNF1_replacetime":{"omPropertiesList":{"filter_2DNF1_replacetime":{"id":4515,"propertyName":"filter_2DNF1_replacetime","propertyComments":"滤芯2DNF1更换次数；0-255；0~255次","valueType":1,"propertyType":1,"maxValue":255,"minValue":0}},"id":915,"name":"C2.i净水器_滤芯2DNF1更换次数"},"filter_3DNF2_replacetime":{"omPropertiesList":{"filter_3DNF2_replacetime":{"id":4516,"propertyName":"filter_3DNF2_replacetime","propertyComments":"滤芯3DNF2更换次数；0-255；0~255次","valueType":1,"propertyType":1,"maxValue":255,"minValue":0}},"id":916,"name":"C2.i净水器_滤芯3DNF2更换次数"},"filter_4MUF_replacetime":{"omPropertiesList":{"filter_4MUF_replacetime":{"id":4517,"propertyName":"filter_4MUF_replacetime","propertyComments":"滤芯4MUF更换次数；0-255；0~255次","valueType":1,"propertyType":1,"maxValue":255,"minValue":0}},"id":917,"name":"C2.i净水器_滤芯4MUF更换次数"},"filter_setup_status":{"omPropertiesList":{"filter_setup_status":{"id":4518,"propertyName":"filter_setup_status","propertyComments":"滤芯安装状态；0/1；未安装到位/已安装到位","valueType":1,"propertyType":1,"maxValue":1,"minValue":0}},"id":918,"name":"C2.i净水器_滤芯安装状态"},"ultraviolet_lamp_1_status":{"omPropertiesList":{"ultraviolet_lamp_1_status":{"id":4519,"propertyName":"ultraviolet_lamp_1_status","propertyComments":"紫外灯1状态；0/1；紫外灯关/紫外灯开","valueType":1,"propertyType":1,"maxValue":1,"minValue":0}},"id":919,"name":"C2.i净水器_紫外灯1状态"},"ultraviolet_lamp_2_status":{"omPropertiesList":{"ultraviolet_lamp_2_status":{"id":4520,"propertyName":"ultraviolet_lamp_2_status","propertyComments":"紫外灯2状态；0/1；紫外灯关/紫外灯开","valueType":1,"propertyType":1,"maxValue":1,"minValue":0}},"id":920,"name":"C2.i净水器_紫外灯2状态"},"ultraviolet_lamp_1_lifetime":{"omPropertiesList":{"ultraviolet_lamp_1_lifetime":{"id":4521,"propertyName":"ultraviolet_lamp_1_lifetime","propertyComments":"紫外灯1寿命；0-100；0~100%","valueType":1,"propertyType":1,"maxValue":100,"minValue":0}},"id":921,"name":"C2.i净水器_紫外灯1寿命"},"ultraviolet_lamp_2_lifetime":{"omPropertiesList":{"ultraviolet_lamp_2_lifetime":{"id":4522,"propertyName":"ultraviolet_lamp_2_lifetime","propertyComments":"紫外灯2寿命；0-100；0~100%","valueType":1,"propertyType":1,"maxValue":100,"minValue":0}},"id":922,"name":"C2.i净水器_紫外灯2寿命"},"magnetic_valve_1_status":{"omPropertiesList":{"magnetic_valve_1_status":{"id":4523,"propertyName":"magnetic_valve_1_status","propertyComments":"电磁阀1状态；0/1；关/开","valueType":1,"propertyType":1,"maxValue":1,"minValue":0}},"id":923,"name":"C2.i净水器_电磁阀1状态"},"magnetic_valve_2_status":{"omPropertiesList":{"magnetic_valve_2_status":{"id":4524,"propertyName":"magnetic_valve_2_status","propertyComments":"电磁阀2状态；0/1；关/开","valueType":1,"propertyType":1,"maxValue":1,"minValue":0}},"id":924,"name":"C2.i净水器_电磁阀2状态"},"faucet_flow_status":{"omPropertiesList":{"faucet_flow_status":{"id":4525,"propertyName":"faucet_flow_status","propertyComments":"水龙头出水状态；0/1；未出水/正在出水","valueType":1,"propertyType":1,"maxValue":1,"minValue":0}},"id":925,"name":"C2.i净水器_水龙头出水状态"},"malfunction_number":{"omPropertiesList":{"malfunction_number":{"id":4526,"propertyName":"malfunction_number","propertyComments":"故障代码；待定，后续补充","valueType":1,"propertyType":1}},"id":926,"name":"C2.i净水器_故障代码"},"flow_quantity":{"omPropertiesList":{"flow_quantity":{"id":4527,"propertyName":"flow_quantity","propertyComments":"出水总量；预留，暂时用0xFFFF","valueType":1,"propertyType":1}},"id":927,"name":"C2.i净水器_出水总量"},"flow_time":{"omPropertiesList":{"flow_time":{"id":4528,"propertyName":"flow_time","propertyComments":"出水时间；预留，暂时用0xFFFF","valueType":1,"propertyType":1}},"id":928,"name":"C2.i净水器_出水时间"},"flow_quantity_step":{"omPropertiesList":{"flow_quantity_step":{"id":4529,"propertyName":"flow_quantity_step","propertyComments":"阶段出水量；预留，暂时用0xFFFF","valueType":1,"propertyType":1}},"id":929,"name":"C2.i净水器_阶段出水量"},"waste_water_ratio":{"omPropertiesList":{"waste_water_ratio":{"id":4530,"propertyName":"waste_water_ratio","propertyComments":"废水率；0-100；0-100%预留,暂时用0xFF","valueType":1,"propertyType":1,"maxValue":100,"minValue":0}},"id":930,"name":"C2.i净水器_废水率"},"water_source":{"omPropertiesList":{"water_source":{"id":4531,"propertyName":"water_source","propertyComments":"水源；0-255；预留, 暂时用0xFF","valueType":1,"propertyType":1,"maxValue":255,"minValue":0}},"id":931,"name":"C2.i净水器_水源"},"sales_area":{"omPropertiesList":{"sales_area":{"id":4532,"propertyName":"sales_area","propertyComments":"销售地区；0-255；预留, 暂时用0xFF","valueType":1,"propertyType":1,"maxValue":255,"minValue":0}},"id":932,"name":"C2.i净水器_销售地区"},"purifier_type":{"omPropertiesList":{"purifier_type":{"id":4533,"propertyName":"purifier_type","propertyComments":"净水器机型；1/2/……；M1/M2……","valueType":1,"propertyType":1,"maxValue":255,"minValue":0}},"id":933,"name":"C2.i净水器_净水器机型"},"ota_upgrade":{"omPropertiesList":{"ota_upgrade":{"id":4534,"propertyName":"ota_upgrade","propertyComments":"OTA(远程升级)；0/1；不支持/支持","valueType":1,"propertyType":1,"maxValue":1,"minValue":0}},"id":934,"name":"C2.i净水器_OTA(远程升级)"},"power":{"omPropertiesList":{"power":{"id":4535,"propertyName":"power","propertyComments":"关机/开机；0/1","valueType":1,"propertyType":2,"maxValue":1,"minValue":0}},"id":935,"name":"C2.i净水器_开关机"},"one_key_flush":{"omPropertiesList":{"one_key_flush":{"id":4536,"propertyName":"one_key_flush","propertyComments":"一键冲洗模式；0/1","valueType":1,"propertyType":2,"maxValue":1,"minValue":0}},"id":936,"name":"C2.i净水器_一键冲洗模式"},"option_key":{"omPropertiesList":{"option_key":{"id":4537,"propertyName":"option_key","propertyComments":"“选择”键；0/1","valueType":1,"propertyType":2,"maxValue":1,"minValue":0}},"id":937,"name":"C2.i净水器_选择键"},"flush_key":{"omPropertiesList":{"flush_key":{"id":4538,"propertyName":"flush_key","propertyComments":"“冲洗”键；0/1","valueType":1,"propertyType":2,"maxValue":1,"minValue":0}},"id":938,"name":"C2.i净水器_冲洗键"},"reset_key":{"omPropertiesList":{"reset_key":{"id":4539,"propertyName":"reset_key","propertyComments":"“复位”键；0/1","valueType":1,"propertyType":2,"maxValue":1,"minValue":0}},"id":939,"name":"C2.i净水器_复位键"}},"id":"20184b2359c24eb4b35cf2e2ac81bb8c","name":"C2.i净水器","description":"C2.i净水器"}