{"omPartsList":{"power":{"omPropertiesList":{"power":{"id":3501,"propertyName":"power","propertyComments":"关机/开机 0:关机，1：开机 （小槽）","valueType":1,"propertyType":1,"maxValue":1,"minValue":0}},"id":700,"name":"C2.i水槽洗碗机_关机/开机"},"status":{"omPropertiesList":{"status":{"id":3503,"propertyName":"status","propertyComments":"当前状态 0-停止，1-工作，2-暂停（小槽）","valueType":1,"propertyType":1,"maxValue":2,"minValue":0}},"id":701,"name":"C2.i水槽洗碗机_当前状态"},"mode":{"omPropertiesList":{"mode":{"id":3505,"propertyName":"mode","propertyComments":"工作模式 0-果蔬，1-超声波（小槽）","valueType":1,"propertyType":1,"maxValue":1,"minValue":0}},"id":702,"name":"C2.i水槽洗碗机_工作模式"},"strength_selection":{"omPropertiesList":{"strength_selection":{"id":3507,"propertyName":"strength_selection","propertyComments":"强度选择 0-标准，1-加强，2-轻柔（小槽）","valueType":1,"propertyType":1,"maxValue":2,"minValue":0}},"id":703,"name":"C2.i水槽洗碗机_强度选择"},"water_level_selection":{"omPropertiesList":{"water_level_selection":{"id":3509,"propertyName":"water_level_selection","propertyComments":"水位选择 0-标准，1-加强，2-轻柔（小槽）","valueType":1,"propertyType":1,"maxValue":2,"minValue":0}},"id":704,"name":"C2.i水槽洗碗机_水位选择"},"countdown_time_bigslot":{"omPropertiesList":{"countdown_time_bigslot":{"id":3510,"propertyName":"countdown_time_bigslot","propertyComments":"倒计时时间（大槽）","valueType":1,"propertyType":1,"maxValue":99,"minValue":0}},"id":705,"name":"C2.i水槽洗碗机_倒计时时间（大槽）"},"countdown_time_slot":{"omPropertiesList":{"countdown_time_slot":{"id":3511,"propertyName":"countdown_time_slot","propertyComments":"倒计时时间（小槽）","valueType":1,"propertyType":1,"maxValue":99,"minValue":0}},"id":706,"name":"C2.i水槽洗碗机_倒计时时间（小槽）"},"turbidity_value_bigslot)":{"omPropertiesList":{"turbidity_value_bigslot":{"id":3512,"propertyName":"turbidity_value_bigslot","propertyComments":"浊度值（大槽）","valueType":1,"propertyType":1,"maxValue":255,"minValue":0}},"id":707,"name":"C2.i水槽洗碗机_浊度值（大槽）"},"water_temperature_bigslot)":{"omPropertiesList":{"water_temperature_bigslot":{"id":3513,"propertyName":"water_temperature_bigslot","propertyComments":"水温值（大槽）","valueType":1,"propertyType":1,"maxValue":100,"minValue":0}},"id":708,"name":"C2.i水槽洗碗机_水温值（大槽）"},"peripheral_lectrical_status_bigslot)":{"omPropertiesList":{"peripheral_lectrical_status_bigslot_bit0":{"id":3514,"propertyName":"peripheral_lectrical_status_bigslot_bit0","propertyComments":"外围电器件状态（大槽）排水阀","valueType":1,"propertyType":1,"maxValue":1,"minValue":0},"peripheral_lectrical_status_bigslot_bit1":{"id":3515,"propertyName":"peripheral_lectrical_status_bigslot_bit1","propertyComments":"外围电器件状态（大槽）进水阀","valueType":1,"propertyType":1,"maxValue":1,"minValue":0},"peripheral_lectrical_status_bigslot_bit2":{"id":3516,"propertyName":"peripheral_lectrical_status_bigslot_bit2","propertyComments":"外围电器件状态（大槽）超声波","valueType":1,"propertyType":1,"maxValue":1,"minValue":0},"peripheral_lectrical_status_bigslot_bit3":{"id":3517,"propertyName":"peripheral_lectrical_status_bigslot_bit3","propertyComments":"外围电器件状态（大槽）加热管","valueType":1,"propertyType":1,"maxValue":1,"minValue":0},"peripheral_lectrical_status_bigslot_bit4":{"id":3518,"propertyName":"peripheral_lectrical_status_bigslot_bit4","propertyComments":"外围电器件状态（大槽）开门电机","valueType":1,"propertyType":1,"maxValue":1,"minValue":0},"peripheral_lectrical_status_bigslot_bit5":{"id":3519,"propertyName":"peripheral_lectrical_status_bigslot_bit5","propertyComments":"外围电器件状态（大槽）喷淋电机","valueType":1,"propertyType":1,"maxValue":1,"minValue":0}},"id":709,"name":"C2.i水槽洗碗机_外围电器件状态（大槽）"},"peripheral_lectrical_status_slot":{"omPropertiesList":{"peripheral_lectrical_status_slot_bit0":{"id":3520,"propertyName":"peripheral_lectrical_status_slot_bit0","propertyComments":"外围电器件状态（小槽）排水阀","valueType":1,"propertyType":1,"maxValue":1,"minValue":0},"peripheral_lectrical_status_slot_bit1":{"id":3521,"propertyName":"peripheral_lectrical_status_slot_bit1","propertyComments":"外围电器件状态（小槽）进水阀","valueType":1,"propertyType":1,"maxValue":1,"minValue":0},"peripheral_lectrical_status_slot_bit2":{"id":3522,"propertyName":"peripheral_lectrical_status_slot_bit2","propertyComments":"外围电器件状态（小槽）超声波","valueType":1,"propertyType":1,"maxValue":1,"minValue":0},"peripheral_lectrical_status_slot_bit3":{"id":3523,"propertyName":"peripheral_lectrical_status_slot_bit3","propertyComments":"外围电器件状态（小槽）喷淋电机","valueType":1,"propertyType":1,"maxValue":1,"minValue":0}},"id":710,"name":"C2.i水槽洗碗机_外围电器件状态（小槽）"},"washing_machine_breakdown_number_bigslot":{"omPropertiesList":{"washing_machine_breakdown_number_bigslot":{"id":3524,"propertyName":"washing_machine_breakdown_number_bigslot","propertyComments":"洗碗机柜故障号（大槽）","valueType":1,"propertyType":1,"maxValue":255,"minValue":0}},"id":711,"name":"C2.i水槽洗碗机_洗碗机柜故障号（大槽）"},"washing_machine_breakdown_number_slot":{"omPropertiesList":{"washing_machine_breakdown_number_slot":{"id":3525,"propertyName":"washing_machine_breakdown_number_slot","propertyComments":"洗碗机柜故障号（小槽）","valueType":1,"propertyType":1,"maxValue":255,"minValue":0}},"id":712,"name":"C2.i水槽洗碗机_洗碗机柜故障号（小槽）"},"inflow_strength":{"omPropertiesList":{"inflow_strength":{"id":3526,"propertyName":"inflow_strength","propertyComments":"进水强度（L/min）","valueType":1,"propertyType":1,"maxValue":255,"minValue":0}},"id":713,"name":"C2.i水槽洗碗机_进水强度（L/min）"},"motor_power_bigslot":{"omPropertiesList":{"motor_power_bigslot":{"id":3527,"propertyName":"motor_power_bigslot","propertyComments":"电机功率（大槽）","valueType":1,"propertyType":1,"maxValue":255,"minValue":0}},"id":714,"name":"C2.i水槽洗碗机_电机功率（大槽）"},"motor_speed_bigslot":{"omPropertiesList":{"motor_speed_bigslot":{"id":3528,"propertyName":"motor_speed_bigslot","propertyComments":"电机转速（大槽）","valueType":1,"propertyType":1,"maxValue":255,"minValue":0}},"id":715,"name":"C2.i水槽洗碗机_电机转速（大槽）"},"heating_power_bigslot":{"omPropertiesList":{"heating_power_bigslot":{"id":3529,"propertyName":"heating_power_bigslot","propertyComments":"加热功率（大槽）","valueType":1,"propertyType":1,"maxValue":255,"minValue":0}},"id":716,"name":"C2.i水槽洗碗机_加热功率（大槽）"},"ultrasonic_power_bigslot":{"omPropertiesList":{"ultrasonic_power_bigslot":{"id":3530,"propertyName":"ultrasonic_power_bigslot","propertyComments":"超声波功率（大槽）","valueType":1,"propertyType":1,"maxValue":255,"minValue":0}},"id":717,"name":"C2.i水槽洗碗机_超声波功率（大槽）"},"complete_clean_mode_number":{"omPropertiesList":{"complete_clean_mode_number_bit0":{"id":3531,"propertyName":"complete_clean_mode_number_bit0","propertyComments":"完整运行完一个清洗模式次数 云端自己计数（或wifi模块计数），底层运行完次数加1","valueType":1,"propertyType":1,"maxValue":1,"minValue":0},"complete_clean_mode_number_bit1":{"id":3532,"propertyName":"complete_clean_mode_number_bit1","propertyComments":"完整运行完一个清洗模式次数  是否支持OTA(远程升级)","valueType":1,"propertyType":1,"maxValue":1,"minValue":0}},"id":718,"name":"C2.i水槽洗碗机_完整运行完一个清洗模式次数"},"power_bigslot":{"omPropertiesList":{"power_bigslot":{"id":3533,"propertyName":"power_bigslot","propertyComments":"关机/开机（大槽）关/开 0:关  1:开","valueType":1,"propertyType":2,"maxValue":1,"minValue":0}},"id":719,"name":"C2.i水槽洗碗机_关机/开机（大槽）"},"status_bigslot":{"omPropertiesList":{"status_bigslot":{"id":3534,"propertyName":"status_bigslot","propertyComments":"暂停/开始（大槽）停止/开始/暂停 0:停止 1:开始 2:暂停","valueType":1,"propertyType":2,"maxValue":2,"minValue":0}},"id":720,"name":"C2.i水槽洗碗机_暂停/开始（大槽）"},"mode_bigslot":{"omPropertiesList":{"mode_bigslot":{"id":3535,"propertyName":"mode_bigslot","propertyComments":"清洗模式选择（大槽）0-普通洗碗，1-果蔬，2-智能洗碗，3-智能果蔬，4-除菌烘干","valueType":1,"propertyType":2,"maxValue":4,"minValue":0}},"id":721,"name":"C2.i水槽洗碗机_清洗模式选择（大槽）"},"strength_selection_bigslot":{"omPropertiesList":{"strength_selection_bigslot":{"id":3536,"propertyName":"strength_selection_bigslot","propertyComments":"强度选择（大槽）0-标准，1-加强，2-轻柔","valueType":1,"propertyType":2,"maxValue":2,"minValue":0}},"id":722,"name":"C2.i水槽洗碗机_强度选择（大槽）"},"water_level_selection_bigslot":{"omPropertiesList":{"water_level_selection_bigslot":{"id":3537,"propertyName":"water_level_selection_bigslot","propertyComments":"水位选择（大槽）0-中，1-高，2-低","valueType":1,"propertyType":2,"maxValue":2,"minValue":0}},"id":723,"name":"C2.i水槽洗碗机_水位选择（大槽）"},"drainage_valve_bigslot":{"omPropertiesList":{"drainage_valve_bigslot":{"id":3538,"propertyName":"drainage_valve_bigslot","propertyComments":"排水阀（大槽）关/开 0:关  1:开","valueType":1,"propertyType":2,"maxValue":1,"minValue":0}},"id":724,"name":"C2.i水槽洗碗机_排水阀（大槽）"},"gate_motor_bigslot":{"omPropertiesList":{"gate_motor_bigslot":{"id":3539,"propertyName":"gate_motor_bigslot","propertyComments":"门电机（大槽）关/开 0:关  1:开","valueType":1,"propertyType":2,"maxValue":1,"minValue":0}},"id":725,"name":"C2.i水槽洗碗机_门电机（大槽）"},"power_slot":{"omPropertiesList":{"power_slot":{"id":3540,"propertyName":"power_slot","propertyComments":"关机/开机（小槽）关/开 0:关  1:开","valueType":1,"propertyType":2,"maxValue":1,"minValue":0}},"id":726,"name":"C2.i水槽洗碗机_关机/开机（小槽）"},"status_slot":{"omPropertiesList":{"status_slot":{"id":3541,"propertyName":"status_slot","propertyComments":"暂停/开始（小槽）停止/开始/暂停 0:停止 1:开始 2:暂停","valueType":1,"propertyType":2,"maxValue":1,"minValue":0}},"id":727,"name":"C2.i水槽洗碗机_暂停/开始（小槽）"},"mode_slot":{"omPropertiesList":{"mode_slot":{"id":3542,"propertyName":"mode_slot","propertyComments":"清洗模式选择（小槽）0-果蔬，1-超声波","valueType":1,"propertyType":2,"maxValue":255,"minValue":0}},"id":728,"name":"C2.i水槽洗碗机_清洗模式选择（小槽）"},"strength_selection_slot":{"omPropertiesList":{"strength_selection_slot":{"id":3543,"propertyName":"strength_selection_slot","propertyComments":"强度选择（小槽）0-标准，1-加强，2-轻柔","valueType":1,"propertyType":2,"maxValue":255,"minValue":0}},"id":729,"name":"C2.i水槽洗碗机_强度选择（小槽）"},"water_level_selection_slot":{"omPropertiesList":{"water_level_selection_slot":{"id":3544,"propertyName":"water_level_selection_slot","propertyComments":"水位选择（小槽）","valueType":1,"propertyType":2,"maxValue":255,"minValue":0}},"id":730,"name":"C2.i水槽洗碗机_水位选择（小槽）"},"reserved":{"omPropertiesList":{"reserved":{"id":3545,"propertyName":"reserved","propertyComments":"保留字段","valueType":1,"propertyType":1,"maxValue":255,"minValue":0}},"id":731,"name":"C2.i水槽洗碗机_保留字段"}},"id":"9ff094db71904663bce50aa777ddca24","name":"C2.i水槽洗碗机","description":"C2.i水槽洗碗机"}