{"omPartsList":{"power":{"omPropertiesList":{"power":{"id":3001,"propertyName":"power","propertyComments":"关机/开机；0：关机  1：开机","valueType":1,"propertyType":2,"maxValue":1,"minValue":0}},"id":601,"name":"C2.i消毒柜_关机开机"},"startorpause":{"omPropertiesList":{"startorpause":{"id":3002,"propertyName":"startorpause","propertyComments":"启动/暂停；0：暂停  1：运行 2：空闲","valueType":1,"propertyType":2,"maxValue":2,"minValue":0}},"id":602,"name":"C2.i消毒柜_启动暂停"},"work_mode":{"omPropertiesList":{"work_mode":{"id":3003,"propertyName":"work_mode","propertyComments":"工作模式；0：空闲 1：消毒  2：烘干  3：暖碟\n4：延时解锁 5：快洁 6：智能消毒\n","valueType":1,"propertyType":2,"maxValue":6,"minValue":0}},"id":603,"name":"C2.i消毒柜_工作模式"},"work_stage":{"omPropertiesList":{"work_stage":{"id":3004,"propertyName":"work_stage","propertyComments":"工作阶段；0x00:空闲 0x01：预消毒  0x02：消毒    0x03：烘干0x04：保护    0x05：降温    0x06：排气0x07：工作完成","valueType":1,"propertyType":1,"maxValue":7,"minValue":0}},"id":604,"name":"C2.i消毒柜_工作阶段"},"smart_mode":{"omPropertiesList":{"smart_mode_warm_disk":{"id":3005,"propertyName":"smart_mode_warm_disk","propertyComments":"智能模式；Bit0： 1启动/0关闭  智能暖碟","valueType":1,"propertyType":2,"maxValue":1,"minValue":0},"smart_mode_longtime_clean":{"id":3006,"propertyName":"smart_mode_longtime_clean","propertyComments":"智能模式；Bit1： 1启动/0关闭  长效保洁","valueType":1,"propertyType":2,"maxValue":1,"minValue":0}},"id":605,"name":"C2.i消毒柜_智能模式"},"test_mode":{"omPropertiesList":{"test_mode":{"id":3007,"propertyName":"test_mode","propertyComments":"测试模式；0x01：快速模式\n0x02：风扇检测模式\n","valueType":1,"propertyType":2,"maxValue":2,"minValue":1}},"id":606,"name":"C2.i消毒柜_测试模式"},"delayed_unlock":{"omPropertiesList":{"delayed_unlock":{"id":3008,"propertyName":"delayed_unlock","propertyComments":"延时解锁情况；0：正常延时解锁，1：由取消触发的非正常延时解锁","valueType":1,"propertyType":1,"maxValue":1,"minValue":0}},"id":607,"name":"C2.i消毒柜_延时解锁"},"reserve_starttime_hour":{"omPropertiesList":{"reserve_starttime_hour":{"id":3009,"propertyName":"reserve_starttime_hour","propertyComments":"预约开始时间-时","valueType":1,"propertyType":2,"maxValue":23,"minValue":0}},"id":608,"name":"C2.i消毒柜_预约开始时间（时）"},"reserve_starttime_minutes":{"omPropertiesList":{"reserve_starttime_minutes":{"id":3010,"propertyName":"reserve_starttime_minutes","propertyComments":"预约开始时间-分","valueType":1,"propertyType":2,"maxValue":59,"minValue":0}},"id":609,"name":"C2.i消毒柜_预约开始时间（分）"},"reserve_repeatperiod":{"omPropertiesList":{"reserve_repeatperiod_0":{"id":3011,"propertyName":"reserve_repeatperiod_0","propertyComments":"预约重复周期；Bit0-星期天bit1-星期一……….","valueType":1,"propertyType":1,"maxValue":1,"minValue":0},"reserve_repeatperiod_1":{"id":3012,"propertyName":"reserve_repeatperiod_1","propertyComments":"预约重复周期；Bit0-星期天bit1-星期一……….","valueType":1,"propertyType":1,"maxValue":1,"minValue":0},"reserve_repeatperiod_2":{"id":3013,"propertyName":"reserve_repeatperiod_2","propertyComments":"预约重复周期；Bit0-星期天bit1-星期一……….","valueType":1,"propertyType":1,"maxValue":1,"minValue":0},"reserve_repeatperiod_3":{"id":3014,"propertyName":"reserve_repeatperiod_3","propertyComments":"预约重复周期；Bit0-星期天bit1-星期一……….","valueType":1,"propertyType":1,"maxValue":1,"minValue":0},"reserve_repeatperiod_4":{"id":3015,"propertyName":"reserve_repeatperiod_4","propertyComments":"预约重复周期；Bit0-星期天bit1-星期一……….","valueType":1,"propertyType":1,"maxValue":1,"minValue":0},"reserve_repeatperiod_5":{"id":3016,"propertyName":"reserve_repeatperiod_5","propertyComments":"预约重复周期；Bit0-星期天bit1-星期一……….","valueType":1,"propertyType":1,"maxValue":1,"minValue":0},"reserve_repeatperiod_6":{"id":3017,"propertyName":"reserve_repeatperiod_6","propertyComments":"预约重复周期；Bit0-星期天bit1-星期一……….","valueType":1,"propertyType":1,"maxValue":1,"minValue":0}},"id":610,"name":"C2.i消毒柜_预约重复周期"},"door_position_status":{"omPropertiesList":{"door_position_status_updoor":{"id":3018,"propertyName":"door_position_status_updoor","propertyComments":"柜门位置状态；上柜门Bit0~1： \n00：关到位   01：开到位   10：中间位置\n","valueType":1,"propertyType":1,"maxValue":2,"minValue":0},"door_position_status_downdoor":{"id":3019,"propertyName":"door_position_status_downdoor","propertyComments":"柜门位置状态；下柜门Bit2~3： \n00：关到位   01：开到位   10：中间位置\n","valueType":1,"propertyType":1,"maxValue":2,"minValue":0}},"id":611,"name":"C2.i消毒柜_柜门位置状态"},"door_motion_status":{"omPropertiesList":{"upper_door_motion_status":{"id":3020,"propertyName":"upper_door_motion_status","propertyComments":"柜门运动状态；上柜门Bit0~1： \n00：静止   01：打开中   10：关闭中\n","valueType":1,"propertyType":2,"maxValue":2,"minValue":0},"bottom_door_motion_status":{"id":3021,"propertyName":"bottom_door_motion_status","propertyComments":"柜门运动状态；下柜门Bit2~3： \n00：静止   01：打开中   10：关闭中\n","valueType":1,"propertyType":2,"maxValue":2,"minValue":0}},"id":612,"name":"C2.i消毒柜_柜门运动状态"},"temperature":{"omPropertiesList":{"temperature":{"id":3022,"propertyName":"temperature","propertyComments":"实际温度","valueType":1,"propertyType":1,"maxValue":255,"minValue":0}},"id":613,"name":"C2.i消毒柜_温度"},"humidity":{"omPropertiesList":{"humidity":{"id":3023,"propertyName":"humidity","propertyComments":"实际湿度","valueType":1,"propertyType":1,"maxValue":100,"minValue":0}},"id":614,"name":"C2.i消毒柜_湿度"},"ozone_concentration":{"omPropertiesList":{"ozone_concentration":{"id":3024,"propertyName":"ozone_concentration","propertyComments":"臭氧浓度（默认00）","valueType":1,"propertyType":1,"maxValue":255,"minValue":0}},"id":615,"name":"C2.i消毒柜_臭氧浓度"},"output_status":{"omPropertiesList":{"output_status_0":{"id":3025,"propertyName":"output_status_0","propertyComments":"输出状态；Bit0： 1启动/0关闭消毒灯管1","valueType":1,"propertyType":2,"maxValue":1,"minValue":0},"output_status_1":{"id":3026,"propertyName":"output_status_1","propertyComments":"输出状态；Bit1： 1启动/0关闭消毒灯管2","valueType":1,"propertyType":2,"maxValue":1,"minValue":0},"output_status_2":{"id":3027,"propertyName":"output_status_2","propertyComments":"输出状态；Bit2： 1启动/0关闭加热器","valueType":1,"propertyType":2,"maxValue":1,"minValue":0},"output_status_3":{"id":3028,"propertyName":"output_status_3","propertyComments":"输出状态；Bit3： 1启动/0关闭风扇","valueType":1,"propertyType":2,"maxValue":1,"minValue":0},"output_status_4":{"id":3029,"propertyName":"output_status_4","propertyComments":"输出状态；Bit4： 1启动/0关闭负离子","valueType":1,"propertyType":2,"maxValue":1,"minValue":0},"output_status_5":{"id":3030,"propertyName":"output_status_5","propertyComments":"输出状态；Bit5： 1启动/0关闭上柜电磁锁","valueType":1,"propertyType":2,"maxValue":1,"minValue":0},"output_status_6":{"id":3031,"propertyName":"output_status_6","propertyComments":"输出状态；Bit6： 1启动/0关闭下柜电磁锁","valueType":1,"propertyType":2,"maxValue":1,"minValue":0}},"id":616,"name":"C2.i消毒柜_输出状态"},"longterm_cleaning_runtimestatus":{"omPropertiesList":{"longterm_cleaning_runtimestatus":{"id":3032,"propertyName":"longterm_cleaning_runtimestatus","propertyComments":"长效保洁运行状态；0/1/2/3；等待、烘干、烘排、排气","valueType":1,"propertyType":1,"maxValue":3,"minValue":0}},"id":617,"name":"C2.i消毒柜_长效保洁运行状态"},"malfunction_number":{"omPropertiesList":{"malfunction_number_0":{"id":3033,"propertyName":"malfunction_number_0","propertyComments":"消毒柜故障号；Bit0： 0无/1有  传感器故障","valueType":1,"propertyType":1,"maxValue":1,"minValue":0},"malfunction_number_1":{"id":3034,"propertyName":"malfunction_number_1","propertyComments":"消毒柜故障号；Bit1： 0无/1有  消毒故障","valueType":1,"propertyType":1,"maxValue":1,"minValue":0},"malfunction_number_2":{"id":3035,"propertyName":"malfunction_number_2","propertyComments":"消毒柜故障号；Bit2： 0无/1有  加热故障","valueType":1,"propertyType":1,"maxValue":1,"minValue":0},"malfunction_number_3":{"id":3036,"propertyName":"malfunction_number_3","propertyComments":"消毒柜故障号；Bit3： 0无/1有  通讯故障","valueType":1,"propertyType":1,"maxValue":1,"minValue":0}},"id":618,"name":"C2.i消毒柜_故障号"},"ota_upgrade":{"omPropertiesList":{"ota_upgrade":{"id":3037,"propertyName":"ota_upgrade","propertyComments":"OTA(远程升级)；是否支持（默认01）","valueType":1,"propertyType":1,"maxValue":1,"minValue":0}},"id":619,"name":"C2.i消毒柜_OTA（远程升级）"},"threehours_reminder_status":{"omPropertiesList":{"threehours_reminder_status_0":{"id":3038,"propertyName":"threehours_reminder_status_0","propertyComments":"3小时提示状态位；Bit0： \n0：烘干模式执行后3小时外\n1：烘干模式执行后3小时内\n","valueType":1,"propertyType":1,"maxValue":1,"minValue":0},"threehours_reminder_status_1":{"id":3039,"propertyName":"threehours_reminder_status_1","propertyComments":"3小时提示状态位；Bit1： \n0：消毒模式执行后3小时外\n1：消毒模式执行后3小时内\n","valueType":1,"propertyType":1,"maxValue":1,"minValue":0},"threehours_reminder_status_2":{"id":3040,"propertyName":"threehours_reminder_status_2","propertyComments":"3小时提示状态位；Bit2： \n0：暖碟模式执行后3小时外\n1：暖碟模式执行后3小时内\n","valueType":1,"propertyType":1,"maxValue":1,"minValue":0},"threehours_reminder_status_3":{"id":3041,"propertyName":"threehours_reminder_status_3","propertyComments":"3小时提示状态位；Bit3： \n0：快洁模式执行后3小时外\n1：快洁模式执行后3小时内\n","valueType":1,"propertyType":1,"maxValue":1,"minValue":0}},"id":620,"name":"C2.i消毒柜_3小时提示状态位"},"current_working_status":{"omPropertiesList":{"current_working_status":{"id":3042,"propertyName":"current_working_status","propertyComments":"当前工作状态；0：未工作\n1：工作中\n2：解锁中\n","valueType":1,"propertyType":1,"maxValue":2,"minValue":0}},"id":621,"name":"C2.i消毒柜_当前工作状态"},"reserve_switch":{"omPropertiesList":{"reserve_switch":{"id":3043,"propertyName":"reserve_switch","propertyComments":"预约开关；0-关，1-开","valueType":1,"propertyType":2,"maxValue":1,"minValue":0}},"id":622,"name":"C2.i消毒柜_预约开关"},"breakfast_start_time_hour":{"omPropertiesList":{"breakfast_start_time_hour":{"id":3044,"propertyName":"breakfast_start_time_hour","propertyComments":"早餐起始时间（时）","valueType":1,"propertyType":2,"maxValue":23,"minValue":0}},"id":623,"name":"C2.i消毒柜_早餐起始时间（时）"},"breakfast_start_time_minutes":{"omPropertiesList":{"breakfast_start_time_minutes":{"id":3045,"propertyName":"breakfast_start_time_minutes","propertyComments":"早餐起始时间（分）","valueType":1,"propertyType":2,"maxValue":59,"minValue":0}},"id":624,"name":"C2.i消毒柜_早餐起始时间（分）"},"breakfast_finish_time_hour":{"omPropertiesList":{"breakfast_finish_time_hour":{"id":3046,"propertyName":"breakfast_finish_time_hour","propertyComments":"早餐结束时间（时）","valueType":1,"propertyType":2,"maxValue":23,"minValue":0}},"id":625,"name":"C2.i消毒柜_早餐结束时间（时）"},"breakfast_finish_time_minutes":{"omPropertiesList":{"breakfast_finish_time_minutes":{"id":3047,"propertyName":"breakfast_finish_time_minutes","propertyComments":"早餐结束时间（分）","valueType":1,"propertyType":2,"maxValue":59,"minValue":0}},"id":626,"name":"C2.i消毒柜_早餐结束时间（分）"},"lunch_start_time_hour":{"omPropertiesList":{"lunch_start_time_hour":{"id":3048,"propertyName":"lunch_start_time_hour","propertyComments":"午餐起始时间（时）","valueType":1,"propertyType":2,"maxValue":23,"minValue":0}},"id":627,"name":"C2.i消毒柜_午餐起始时间（时）"},"lunch_start_time_minutes":{"omPropertiesList":{"lunch_start_time_minutes":{"id":3049,"propertyName":"lunch_start_time_minutes","propertyComments":"午餐起始时间（分）","valueType":1,"propertyType":2,"maxValue":59,"minValue":0}},"id":628,"name":"C2.i消毒柜_午餐起始时间（分）"},"lunch_finish_time_hour":{"omPropertiesList":{"lunch_finish_time_hour":{"id":3050,"propertyName":"lunch_finish_time_hour","propertyComments":"午餐结束时间（时）","valueType":1,"propertyType":2,"maxValue":23,"minValue":0}},"id":629,"name":"C2.i消毒柜_午餐结束时间（时）"},"lunch_finish_time_minutes":{"omPropertiesList":{"lunch_finish_time_minutes":{"id":3051,"propertyName":"lunch_finish_time_minutes","propertyComments":"午餐结束时间（分）","valueType":1,"propertyType":2,"maxValue":59,"minValue":0}},"id":630,"name":"C2.i消毒柜_午餐结束时间（分）"},"supper_start_time_hour":{"omPropertiesList":{"supper_start_time_hour":{"id":3052,"propertyName":"supper_start_time_hour","propertyComments":"晚餐起始时间（时）","valueType":1,"propertyType":2,"maxValue":23,"minValue":0}},"id":631,"name":"C2.i消毒柜_晚餐起始时间（时）"},"supper_start_time_minutes":{"omPropertiesList":{"supper_start_time_minutes":{"id":3053,"propertyName":"supper_start_time_minutes","propertyComments":"晚餐起始时间（分）","valueType":1,"propertyType":2,"maxValue":59,"minValue":0}},"id":632,"name":"C2.i消毒柜_晚餐起始时间（分）"},"supper_finish_time_hour":{"omPropertiesList":{"supper_finish_time_hour":{"id":3054,"propertyName":"supper_finish_time_hour","propertyComments":"晚餐结束时间（时）","valueType":1,"propertyType":2,"maxValue":23,"minValue":0}},"id":633,"name":"C2.i消毒柜_晚餐结束时间（时）"},"supper_finish_time_minutes":{"omPropertiesList":{"supper_finish_time_minutes":{"id":3055,"propertyName":"supper_finish_time_minutes","propertyComments":"晚餐结束时间（分）","valueType":1,"propertyType":2,"maxValue":59,"minValue":0}},"id":634,"name":"C2.i消毒柜_晚餐结束时间（分）"},"added_time_1_start_hour":{"omPropertiesList":{"added_time_1_start_hour":{"id":3056,"propertyName":"added_time_1_start_hour","propertyComments":"增加时间1起始时间（时）","valueType":1,"propertyType":2,"maxValue":23,"minValue":0}},"id":635,"name":"C2.i消毒柜_增加时间1起始时间（时）"},"added_time_1_start_minutes":{"omPropertiesList":{"added_time_1_start_minutes":{"id":3057,"propertyName":"added_time_1_start_minutes","propertyComments":"增加时间1起始时间（分）","valueType":1,"propertyType":2,"maxValue":59,"minValue":0}},"id":636,"name":"C2.i消毒柜_增加时间1起始时间（分）"},"added_time_1_finish_hour":{"omPropertiesList":{"added_time_1_finish_hour":{"id":3058,"propertyName":"added_time_1_finish_hour","propertyComments":"增加时间1结束时间（时）","valueType":1,"propertyType":2,"maxValue":23,"minValue":0}},"id":637,"name":"C2.i消毒柜_增加时间1结束时间（时）"},"added_time_1_finish_minutes":{"omPropertiesList":{"added_time_1_finish_minutes":{"id":3059,"propertyName":"added_time_1_finish_minutes","propertyComments":"增加时间1结束时间（分）","valueType":1,"propertyType":2,"maxValue":59,"minValue":0}},"id":638,"name":"C2.i消毒柜_增加时间1结束时间（分）"},"added_time_2_start_hour":{"omPropertiesList":{"added_time_2_start_hour":{"id":3060,"propertyName":"added_time_2_start_hour","propertyComments":"增加时间2起始时间（时）","valueType":1,"propertyType":2,"maxValue":23,"minValue":0}},"id":639,"name":"C2.i消毒柜_增加时间2起始时间（时）"},"added_time_2_start_minutes":{"omPropertiesList":{"added_time_2_start_minutes":{"id":3061,"propertyName":"added_time_2_start_minutes","propertyComments":"增加时间2起始时间（分）","valueType":1,"propertyType":2,"maxValue":59,"minValue":0}},"id":640,"name":"C2.i消毒柜_增加时间2起始时间（分）"},"added_time_2_finish_hour":{"omPropertiesList":{"added_time_2_finish_hour":{"id":3062,"propertyName":"added_time_2_finish_hour","propertyComments":"增加时间2结束时间（时）","valueType":1,"propertyType":2,"maxValue":23,"minValue":0}},"id":641,"name":"C2.i消毒柜_增加时间2结束时间（时）"},"added_time_2_finish_minutes":{"omPropertiesList":{"added_time_2_finish_minutes":{"id":3063,"propertyName":"added_time_2_finish_minutes","propertyComments":"增加时间2结束时间（分）","valueType":1,"propertyType":2,"maxValue":59,"minValue":0}},"id":642,"name":"C2.i消毒柜_增加时间2结束时间（分）"},"long_range_control_switch":{"omPropertiesList":{"long_range_control_switch":{"id":3064,"propertyName":"long_range_control_switch","propertyComments":"远程控制开关；0/1；关/开","valueType":1,"propertyType":1,"maxValue":1,"minValue":0}},"id":643,"name":"C2.i消毒柜_远程控制开关"},"smart_disinfection_done":{"omPropertiesList":{"smart_disinfection_done":{"id":3065,"propertyName":"smart_disinfection_done","propertyComments":"已进行过智能消毒标志；0： 未进行过智能消毒1 ：已运行过智能消毒","valueType":1,"propertyType":1,"maxValue":1,"minValue":0}},"id":644,"name":"C2.i消毒柜_已进行过智能消毒标志"},"reserve_next_work_mode":{"omPropertiesList":{"reserve_next_work_mode":{"id":3066,"propertyName":"reserve_next_work_mode","propertyComments":"预约下次工作模式；1：消毒  2：烘干  3：暖碟","valueType":1,"propertyType":1,"maxValue":3,"minValue":1}},"id":645,"name":"C2.i消毒柜_预约下次工作模式"},"reserve_1":{"omPropertiesList":{"reserve_1":{"id":3067,"propertyName":"reserve_1","propertyComments":"预留字段","valueType":1,"propertyType":2,"maxValue":255,"minValue":0}},"id":646,"name":"C2.i消毒柜_预留字段1"},"reserve_2":{"omPropertiesList":{"reserve_2":{"id":3068,"propertyName":"reserve_2","propertyComments":"预留字段","valueType":1,"propertyType":2,"maxValue":255,"minValue":0}},"id":647,"name":"C2.i消毒柜_预留字段2"},"power_panel_otaupgrade":{"omPropertiesList":{"power_panel_otaupgrade":{"id":3069,"propertyName":"power_panel_otaupgrade","propertyComments":"电源板OTA升级标志位；0：电源板不在OTA状态\n1：电源板OTA升级中\n","valueType":1,"propertyType":1,"maxValue":1,"minValue":0}},"id":648,"name":"C2.i消毒柜_电源板OTA升级标志位"},"time_left_hour":{"omPropertiesList":{"time_left_hour":{"id":3070,"propertyName":"time_left_hour","propertyComments":"剩余时间（时）","valueType":1,"propertyType":1,"maxValue":255,"minValue":0}},"id":649,"name":"C2.i消毒柜_剩余时间（时）"},"time_left_minutes":{"omPropertiesList":{"time_left_minutes":{"id":3071,"propertyName":"time_left_minutes","propertyComments":"剩余时间（分）","valueType":1,"propertyType":1,"maxValue":59,"minValue":0}},"id":650,"name":"C2.i消毒柜_剩余时间（分）"},"time_left_seconds":{"omPropertiesList":{"time_left_seconds":{"id":3072,"propertyName":"time_left_seconds","propertyComments":"剩余时间（秒）","valueType":1,"propertyType":1,"maxValue":59,"minValue":0}},"id":651,"name":"C2.i消毒柜_剩余时间（秒）"},"forced_cancel":{"omPropertiesList":{"forced_cancel":{"id":3073,"propertyName":"forced_cancel","propertyComments":"强制取消flag；1:强制取消\n0：非强制取消\n","valueType":1,"propertyType":1,"maxValue":1,"minValue":0}},"id":652,"name":"C2.i消毒柜_强制取消flag"},"task_description":{"omPropertiesList":{"task_description":{"id":3074,"propertyName":"task_description","propertyComments":"工作描述；0：空闲\n1：快速消毒\n2：标准消毒\n3：强力消毒\n4：快速烘干\n5：标准烘干\n6：强制烘干\n7：快速暖碟\n8：标准暖碟\n9：强力暖碟\n10：快洁\n11：智能消毒\n12：智能暖碟\n13：风扇测试\n","valueType":1,"propertyType":1,"maxValue":13,"minValue":0}},"id":653,"name":"C2.i消毒柜_工作描述"},"working_time_set_hour":{"omPropertiesList":{"working_time_set_hour":{"id":3075,"propertyName":"working_time_set_hour","propertyComments":"设置工作时间（时）","valueType":1,"propertyType":2,"maxValue":23,"minValue":0}},"id":654,"name":"C2.i消毒柜_设置工作时间（时）"},"working_time_set_minutes":{"omPropertiesList":{"working_time_set_minutes":{"id":3076,"propertyName":"working_time_set_minutes","propertyComments":"设置工作时间（分）","valueType":1,"propertyType":2,"maxValue":59,"minValue":0}},"id":655,"name":"C2.i消毒柜_设置工作时间（分）"},"reserve_3":{"omPropertiesList":{"reserve_3":{"id":3077,"propertyName":"reserve_3","propertyComments":"预留","valueType":1,"propertyType":1,"maxValue":255,"minValue":0}},"id":656,"name":"C2.i消毒柜_预留3"},"reserve_4":{"omPropertiesList":{"reserve_4":{"id":3078,"propertyName":"reserve_4","propertyComments":"预留","valueType":1,"propertyType":1,"maxValue":255,"minValue":0}},"id":657,"name":"C2.i消毒柜_预留4"},"reserve_5":{"omPropertiesList":{"reserve_5":{"id":3079,"propertyName":"reserve_5","propertyComments":"预留","valueType":1,"propertyType":1,"maxValue":255,"minValue":0}},"id":658,"name":"C2.i消毒柜_预留5"},"reserve_6":{"omPropertiesList":{"reserve_6":{"id":3080,"propertyName":"reserve_6","propertyComments":"预留","valueType":1,"propertyType":1,"maxValue":255,"minValue":0}},"id":659,"name":"C2.i消毒柜_预留6"},"reserve_7":{"omPropertiesList":{"reserve_7":{"id":3081,"propertyName":"reserve_7","propertyComments":"预留","valueType":1,"propertyType":1,"maxValue":255,"minValue":0}},"id":660,"name":"C2.i消毒柜_预留7"},"reserve_8":{"omPropertiesList":{"reserve_8":{"id":3082,"propertyName":"reserve_8","propertyComments":"预留","valueType":1,"propertyType":1,"maxValue":255,"minValue":0}},"id":661,"name":"C2.i消毒柜_预留8"},"reserve_9":{"omPropertiesList":{"reserve_9":{"id":3083,"propertyName":"reserve_9","propertyComments":"预留","valueType":1,"propertyType":1,"maxValue":255,"minValue":0}},"id":662,"name":"C2.i消毒柜_预留9"},"reserve_10":{"omPropertiesList":{"reserve_10":{"id":3084,"propertyName":"reserve_10","propertyComments":"预留","valueType":1,"propertyType":1,"maxValue":255,"minValue":0}},"id":663,"name":"C2.i消毒柜_预留10"},"startorpauseorcancel":{"omPropertiesList":{"startorpauseorcancel":{"id":3085,"propertyName":"startorpauseorcancel","propertyComments":"0：暂停   1：启动 2：取消 3：取消预约","valueType":1,"propertyType":2,"maxValue":3,"minValue":0}},"id":664,"name":"C2.i消毒柜_启动/暂停/取消/取消预约"}},"id":"1607d4b3d2b004381607d4b3d2b01201","name":"C2.i消毒柜","description":"C2.i消毒柜"}