{"omPartsList":{"power":{"omPropertiesList":{"power":{"id":1001,"propertyName":"power","propertyComments":"0/1/2，设备状态关机/待机/开机","valueType":1,"propertyType":2,"maxValue":2,"minValue":0}},"id":201,"name":"C2.i微波炉_关机开机待机"},"status":{"omPropertiesList":{"status":{"id":1002,"propertyName":"status","propertyComments":"0：没有在工作状态\n1：加热中\n2：暂停中:\n3：加热完成:\n4：解冻过程中-解冻中\n5：解冻过程中-请翻面\n6：解冻过程中-解冻完成\n","valueType":1,"propertyType":2,"maxValue":6,"minValue":0}},"id":202,"name":"C2.i微波炉_当前工作状态"},"light":{"omPropertiesList":{"light":{"id":1003,"propertyName":"light","propertyComments":"0/1，微波率照明灯状态。预留","valueType":1,"propertyType":2,"maxValue":1,"minValue":0}},"id":203,"name":"C2.i微波炉_照明灯"},"mode":{"omPropertiesList":{"mode":{"id":1004,"propertyName":"mode","propertyComments":"工作模式；\nBit:7：0/1  手动/自动\n\n","valueType":1,"propertyType":2,"maxValue":1,"minValue":0},"mode_manual":{"id":1005,"propertyName":"mode_manual","propertyComments":"手动工作模式；\nBit:0-Bit6：0~127 （当前工作在手动模式几）\n手动定义：见附件《微波炉Z1。I手动模式和自动模式》\n自动定义：菜谱模式\n","valueType":1,"propertyType":2,"maxValue":127,"minValue":0}},"id":204,"name":"C2.i微波炉_工作模式"},"recipes_id":{"omPropertiesList":{"recipes_id":{"id":1006,"propertyName":"recipes_id","propertyComments":"当前正在播放或录制的云端菜谱ID，如没有全为0","valueType":3,"propertyType":2}},"id":205,"name":"C2.i微波炉_当前菜谱ID"},"timer":{"omPropertiesList":{"timer_minute":{"id":1007,"propertyName":"timer_minute","propertyComments":"设定的工作总时间，分钟；0xAABB  AA分钟， BB秒，最大时间99分钟","valueType":1,"propertyType":2,"maxValue":99,"minValue":0},"timer_second":{"id":1008,"propertyName":"timer_second","propertyComments":"设定的工作总时间，秒；0xAABB  AA分钟， BB秒，最大时间99分钟","valueType":1,"propertyType":2,"maxValue":60,"minValue":0}},"id":206,"name":"C2.i微波炉_设定的工作总时间"},"temputer":{"omPropertiesList":{"temputer":{"id":1009,"propertyName":"temputer","propertyComments":"设定温度值","valueType":1,"propertyType":2,"maxValue":95,"minValue":0}},"id":207,"name":"C2.i微波炉_设定温度值"},"current_temputer":{"omPropertiesList":{"current_temputer":{"id":1010,"propertyName":"current_temputer","propertyComments":"当前温度值","valueType":1,"propertyType":1,"maxValue":255,"minValue":0}},"id":208,"name":"C2.i微波炉_当前温度值"},"magnetron_power":{"omPropertiesList":{"magnetron_power":{"id":1011,"propertyName":"magnetron_power","propertyComments":"磁控管功率（预留）","valueType":1,"propertyType":2,"maxValue":100,"minValue":0}},"id":209,"name":"C2.i微波炉_磁控管功率"},"heater_power":{"omPropertiesList":{"heater_power":{"id":1012,"propertyName":"heater_power","propertyComments":"加热管（预留）（功率*10）","valueType":1,"propertyType":2,"maxValue":255,"minValue":0}},"id":210,"name":"C2.i微波炉_加热管"},"remaining_time":{"omPropertiesList":{"remaining_time_minute":{"id":1013,"propertyName":"remaining_time_minute","propertyComments":"工作剩余时间，分钟；\n0x0000~0xFFFF；\nxx：yy  xx分钟， yy秒","valueType":1,"propertyType":1,"maxValue":99,"minValue":0},"remaining_time_second":{"id":1014,"propertyName":"remaining_time_second","propertyComments":"工作剩余时间，秒；\n0x0000~0xFFFF；\nxx：yy  xx分钟， yy秒","valueType":1,"propertyType":1,"maxValue":60,"minValue":0}},"id":211,"name":"C2.i微波炉_工作剩余时间"},"doorcontrol_status":{"omPropertiesList":{"doorcontrol_status":{"id":1015,"propertyName":"doorcontrol_status","propertyComments":"门控开关状态；0/1；开/关","valueType":1,"propertyType":1,"maxValue":1,"minValue":0}},"id":212,"name":"C2.i微波炉_门控开关状态"},"malfunction_number":{"omPropertiesList":{"malfunction_number":{"id":1016,"propertyName":"malfunction_number","propertyComments":"微波炉故障号；具体故障编码，见附件《蒸、烤、微故障代码说明V1》","valueType":1,"propertyType":1,"maxValue":255,"minValue":0}},"id":213,"name":"C2.i微波炉_微波炉故障号"},"ota_upgrade":{"omPropertiesList":{"ota_upgrade":{"id":1017,"propertyName":"ota_upgrade","propertyComments":"OTA(远程升级)；0/1；是否支持","valueType":1,"propertyType":1,"maxValue":1,"minValue":0}},"id":214,"name":"C2.i微波炉_OTA(远程升级)"},"reserved_1":{"omPropertiesList":{"reserved_1":{"id":1018,"propertyName":"reserved_1","propertyComments":"预留","valueType":1,"propertyType":2,"maxValue":255,"minValue":0}},"id":215,"name":"C2.i微波炉_预留1"},"reserved_2":{"omPropertiesList":{"reserved_2":{"id":1019,"propertyName":"reserved_2","propertyComments":"预留","valueType":1,"propertyType":2,"maxValue":255,"minValue":0}},"id":216,"name":"C2.i微波炉_预留2"},"reciperecord_status":{"omPropertiesList":{"reciperecord_status_record":{"id":1020,"propertyName":"reciperecord_status_record","propertyComments":"菜谱录制状态位；高4位表示录制：1-未录制，2-正在录制，3-异常终止……","valueType":1,"propertyType":1,"maxValue":3,"minValue":1},"reciperecord_status_play":{"id":1021,"propertyName":"reciperecord_status_play","propertyComments":"菜谱录制状态位；低四位表示播放：1-未播放，2-正在播放，3-异常终止……","valueType":1,"propertyType":1,"maxValue":3,"minValue":1}},"id":217,"name":"C2.i微波炉_菜谱录制状态位"},"property":{"omPropertiesList":{"property":{"id":1022,"propertyName":"property","propertyComments":"表示解冻和爆米花模式的重量","valueType":1,"propertyType":2,"maxValue":65535,"minValue":0}},"id":218,"name":"C2.i微波炉_属性"},"recipe_currentstep":{"omPropertiesList":{"recipe_currentstep":{"id":1023,"propertyName":"recipe_currentstep","propertyComments":"菜谱播放当前步骤；当前菜谱播放到第几步，APP会根据此参数来提示步骤描述给用户，如果未到提示点，传0","valueType":1,"propertyType":1,"maxValue":255,"minValue":0}},"id":219,"name":"C2.i微波炉_菜谱播放当前步骤"}},"id":"fbc62e625e0f4cb082001e3a01f9af25","name":"C2.i微波炉","description":"C2.i微波炉"}