{
	"contributor": "xxxxxx",
	"contributorId": 234,
	"description": "C2.i蒸箱",
	"gmtCreate": 1550545053000,
	"gmtModified": "2019-02-19 13:42:55",
	"id": 2117,
	"identifier": "KitchenVentilator",
	"name": "油烟机",
	"propertyList": [{
		"id": 1,
		"identifier": "PowerSwitchAll",
		"name": "电源开关",
		"required": true,
		"accessMode": "READ_WRITE",
		"dataType": "ENUM",
		"description": "设备总开关，控制开关机",
		"enumSpecDTOList": [{
			"dataType": "ENUM",
			"name": "关机(断电)",
			"value": "0",
			"valueName": "关机(断电)"
		}, {
			"dataType": "ENUM",
			"name": "待机(关屏)",
			"value": "1",
			"valueName": "待机(关屏)"
		}, {
			"dataType": "ENUM",
			"name": "开机(屏幕开)",
			"value": "2",
			"valueName": "开机(屏幕开)"
		}]
	}, 
    {
		"id": 2,
		"identifier": "WorkState",
		"max": "4",
		"min": "0",
		"name": "工作状态",
		"required": true,
		"accessMode": "READ_WRITE",
		"dataType": "ENUM",
		"enumSpecDTOList": [{
			"dataType": "ENUM",
			"name": "无工作状态",
			"value": 0
		}, {
			"dataType": "ENUM",
			"name": "暂停中",
			"value": 1
		}, {
			"dataType": "ENUM",
			"name": "预热中",
			"value": 2
		} , {
			"dataType": "ENUM",
			"name": "预热完成",
			"value": 3
		} , {
			"dataType": "ENUM",
			"name": "烹饪中",
			"value": 4 
		} 
        ]
	}, {
		"id": 3,
		"identifier": "Light",
		"name": "照明灯",
		"required": true,
		"accessMode": "READ_WRITE",
		"dataType": "ENUM" ,
        		"enumSpecDTOList": [{
			"dataType": "ENUM",
			"name": "关机(断电)",
			"value": "0",
			"valueName": "关机(断电)"
		}, {
			"dataType": "ENUM",
			"name": "待机(关屏)",
			"value": "1",
			"valueName": "待机(关屏)"
		}, {
			"dataType": "ENUM",
			"name": "开机(屏幕开)",
			"value": "2",
			"valueName": "开机(屏幕开)"
		}]
	}, 
    {
		"id": 2,
		"identifier": "WorkState",
		"max": "4",
		"min": "0",
		"name": "工作状态",
		"required": true,
		"accessMode": "READ_WRITE",
		"dataType": "BOOL", 
        "description": "工作状态",
		"enumSpecDTOList": [{
			"dataType": "BOOL",
			"name": "关闭",
			"value": 0
		}, {
			"dataType": "BOOL",
			"name": "开启",
			"value": 1
		}
        ]
	}, 
    {
		"id": 3,
		"identifier": "LightSwitch",
		"name": "照明开关",
		"required": true,
		"accessMode": "READ_WRITE",
		"dataType": "BOOL",
		"description": "照明开关",
		"enumSpecDTOList": [{
			"dataType": "BOOL",
			"name": "关闭",
			"value": 0
		}, {
			"dataType": "BOOL",
			"name": "打开",
			"value": 1
		}]
	}, {
		"id": 4,
		"identifier": "PushRod",
		"name": "水箱推杆",
		"required": true,
		"accessMode": "READ_WRITE",
		"dataType": "ENUM",
		"description": "水箱推杆",
		"enumSpecDTOList": [{
			"dataType": "ENUM",
			"name": "关闭",
			"value": 0,
			"valueName": "关闭"
		}, {
			"dataType": "ENUM",
			"name": "停在中途",
			"value": 1,
			"valueName": "停在中途"
		} , {
			"dataType": "ENUM",
			"name": "动作中",
			"value": 2,
			"valueName": "动作中"
		}  , {
			"dataType": "ENUM",
			"name": "开启",
			"value": 3,
			"valueName": "开启"
		} 
        ]
	}],
	"serviceList": [{
		"id": 1131,
		"accessMode": "set",
		"description": "菜谱烹饪",
		"identifier": "Cookservice",
		"inputParams": [{
			"childDataType": "STRING",
			"minLength": "1",
			"maxLength": "64",
			"name": "菜谱ID",
			"required": true,
			"identifier": "recipe_id"
		}]
	}],
	"eventList": [{
		"id": 1131,
		"accessMode": "READ_ONLY",
		"description": "菜谱烹饪完成",
		"identifier": "CookFinish",
		"inputParams": [{
			"childDataType": "STRING",
			"minLength": "1",
			"maxLength": "64",
			"name": "菜谱ID",
			"required": true,
			"identifier": "recipe_id"
		}]
	}],
	"version": "1.0",
	"versionId": 0,
	"versions": ["1.0", "1.1"]
}